Country	ISOAlpha3	ISONum3	AlphaNumISO	1970	1971	1972	1973	1974	1975	1976	1977	1978	1979	1980	1981	1982	1983	1984	1985	1986	1987	1988	1989	1990	1991	1992	1993	1994	1995	1996	1997	1998	1999	2000	2001	2002	2003	2004	2005	2006	2007	2008	2009	2010	2011
Afghanistan	AFG	4	AFG004	253.2251125	243.5726214	265.7736931	377.6824655	391.6704834	394.1057125	447.7918112	525.6650555	340.5841925	377.0858692	136.2390292	255.4314542	233.5411525	34.06644748	299.2388183	206.7803925	231.1059234	267.6076	267.045624	267.6076	299.720512	299.720512	307.74874	307.74874	307.74874	307.74874	310.424816	310.424816	310.424816	310.424816	133.8038	66.9019	80.28228	93.66266	93.66266	80.28228	133.8038	80.28228	99.8176348	84.296394	95.2683056	101.690888
Albania	ALB	8	ALB008	973.1282766	973.1282766	973.1282766	1389.124291	1386.689062	1744.319858	1878.123658	2011.927458	2140.8608	2262.488454	2680.946458	2980.509287	2257.993538	2279.859069	2338.275818	2316.360746	2316.360746	2330.970131	2025.069873	2049.741304	3875.37744	2320.73466	909.78566	1182.20054	1692.97844	1658.92658	2483.413692	2507.800519	2827.517145	3296.489584	4207.660086	4829.46069	4215.277461	5514.16699	6045.171076	7217.114452	6940.633463	5762.80803	5254.695635	10014.39103	6153.655188	5703.404347
Algeria	DZA	12	DZA012	3813.687447	4042.628866	4729.911927	5701.79567	7370.712177	7831.973407	9440.28395	10610.45727	12014.09797	13100.55943	13696.63215	14832.06085	19686.34981	21855.00721	24173.1801	23510.21294	38552.95914	38465.24748	36661.52763	37711.15819	33622.67152	31375.60299	32089.79305	31820.97877	30502.6011	33163.56699	30186.20888	27183.65743	27881.67084	28763.4891	33796.67952	35316.88329	40695.24463	45476.40773	46555.51176	48664.17415	56098.62843	65413.7659	72959.86112	79211.99858	75868.60673	72344.65012
American Samoa	ASM	16	ASM016																																										
Andorra	AND	20	AND020																										145.790774	161.526505	174.6154041	227.8613632	234.0617242	278.1161624	288.0820675	307.2049292	258.511813	464.3626117	370.1360409	275.9026729	273.8070298	195.506649	109.190128	93.41710059	103.0837401
Angola	AGO	24	AGO024	1709.5812	1783.418326	2211.622894	1927.005456	2209.88454	1895.145521	488.5014264	512.2565759	835.2359563	997.1716124	525.1067157	793.7246654	735.5429254	521.669498	1140.566292	992.789055	1035.553432	1051.150722	2822.453367	1106.624657	986.8023566	1089.037346	1245.49698	1123.0438	1134.39442	960.86345	824.6961	1043.861896	1174.98962	776.254296	909.78566	1410.949	1938.135972	2213.7718	2575.506752	3825.50668	4415.36504	6542.60239	6615.836464	14282.82585	13281.34717	14501.36549
Anguilla	AIA	660	AIA660																															4.081053365		0.004246933	0.311166089	0.031537556		0.001115924	0.058490993	0.001233671			
Antigua and Barbuda	ATG	28	ATG028				0	0	0		0.05599689	0.114859858			52.17336643	55.95422057	59.7350747	63.51592883	67.29678296	71.0776371	74.85849123	78.63934536	82.4201995	86.20105363	89.98190776	93.76276189	97.54361603	101.3244702	105.1053243	108.8861784	112.6670326	116.4478867	120.2287408	133.1829183	111.1652225	89.14752677	67.12983103	45.11213528	23.08753794	258.7030561	181.7005588	108.2330455	0.290447909	14.25946829	89.74792476
Argentina	ARG	32	ARG032	40331.30519	39554.34423	36128.71563	32574.23284	30915.00483	29643.56171	30829.92167	33977.95072	35998.67468	41318.46624	41206.88148	38656.91182	30562.03046	28076.12996	25893.12803	24920.62464	28488.87575	32819.6887	30466.2409	21598.74027	16073.32816	16524.60323	21962.29759	30378.36318	34466.162	29156.08167	29415.51859	39080.0331	48045.33794	45342.83887	35496.93125	28995.7013	21301.80339	30067.22506	38548.40657	42929.14084	46150.90863	48984.43256	44806.64503	46316.35772	48666.39652	54648.51828
Armenia	ARM	51	ARM051																					0	0	1070.4304	535.2152	267.6076	610.145328	754.653432	589.6920658	802.8228	663.851417	528.1391466	765.3069334	929.1515704	936.206068	798.4859271	1666.318857	1795.067365	1957.47077	2433.031098	2296.786225	2298.134993	1892.965109
Aruba	ABW	533	ABW533																			86.15626682	141.3931515	127.620887	113.4433789	114.9072688	116.3711588	117.8350488	119.2989388	120.7628288	122.2267188	123.6906088	125.1544988	126.6183888	128.0822787	129.5461687	131.0100587	132.4739487	133.9378387	135.4017287	136.8656187	138.3295087	139.7931284	99.27276967	139.7904737
Australia	AUS	36	AUS036	27787.03515	26971.88731	29106.31085	30110.25288	29791.70125	29032.61876	29382.89935	32163.36011	30655.08901	31942.7056	31701.38173	32981.05717	32269.60618	29557.03317	30402.7023	33908.81306	34567.22118	33819.71969	35343.89377	40014.08776	40548.26318	37493.77586	34543.56284	36979.67519	42868.01427	40419.33814	40794.00092	41199.92027	42550.57551	44535.1435	47259.19534	43252.41628	48316.87444	50405.53797	58390.69956	65212.74643	65079.14713	65267.0786	68641.66472	63610.2568	60154.44771	62065.0092
Austria	AUT	40	AUT040	31287.38143	33362.71904	37873.6354	37042.56383	39939.14773	35311.90313	36158.97068	36751.56986	36025.66782	36169.38618	34804.74069	31936.05901	30294.24436	29862.76275	31755.38983	29787.63548	31158.32569	30438.61948	30225.15123	29142.34131	32150.42472	30548.05708	29011.35377	28626.24726	30721.53569	28518.01707	30544.3222	32281.35334	33972.02212	32366.21997	33965.70039	33676.78242	33681.24989	33827.43663	35308.6696	39155.56707	38991.92174	33673.68016	32796.70672	30934.07056	29069.82368	29683.0013
Azerbaijan	AZE	31	AZE031																					5141.83086	3984.06762	5171.47634	3989.2758	2870.3717	1852.533436	1777.228473	1851.929568	2192.47475	2060.888008	2077.653167	2758.692344	4489.051411	6067.07977	8683.433128	10412.98848	12912.66566	13839.20611	16424.75918	15849.44476	15462.7302	17087.53192
Bahamas	BHS	44	BHS044	2235.727694	2230.883997	2644.444782	2556.856814	2128.684654	522.1265926	576.6954351	0	577.81628	820.4411571	800.3288925	72.40041998	84.19470846	109.6581523	101.192418	147.5353133	405.9777945	774.3150976	843.8735918	769.591536	695.3094802	621.0274244	533.3649886	459.0829328	384.800877	310.5188212	307.129926	317.1214107	184.7079625	205.2472846	332.8783648	293.0834916	358.9226991	129.63856	79.35699193	275.93995	267.737848	273.2403058	261.4082423	292.2969866	230.8188446	241.0612124
Bahrain	BHR	48	BHR048	272.9863094	197.1399893	307.9196637	191.3847079	397.4066978	387.3957276	836.7599074	1775.460203	2588.326328	1293.039886	1335.265591	1331.136242	1930.514205	2640.69469	2464.944153	2286.660518	1965.430468	1732.978462	1922.216797	2749.407954	1860.926927	2351.148065	2628.918456	3076.303268	2994.928689	2702.47014	2170.731793	2591.132528	2334.918832	2338.396583	3995.096146	3581.682938	4429.193079	2425.769119	5533.690131	7217.3647	6066.472013	6935.563118	8862.726454	11559.59011	9384.890396	6492.277783
Bangladesh	BGD	50	BGD050	0	172.7407058	60.82720748	80.28228	231.1059234	452.4976908	420.8664725	1771.67201	907.4306108	863.6500075	900.1249234	1399.154321	875.7993925	822.2778725	769.2713484	644.6934692	787.2112149	836.6518233	5012.665681	5281.387906	5199.703979	6257.25447	6876.289339	8999.451103	10430.12439	12256.22456	13707.31536	13464.93028	23878.45481	19457.45267	24921.15345	25677.45289	27824.30491	26263.66743	27262.68214	35799.34717	34805.41237	35011.07027	33257.23986	32145.58752	37821.15542	38347.02992
Barbados	BRB	52	BRB052	145.3759929	150.3791739	149.452133	132.564742	114.7369217	100.8172402	94.91847824	116.2558545	124.4993166	179.6165512	171.5284139	177.8080618	275.650046	0	440.3217591	583.8662617	289.1034374	268.8582695	235.7191787	289.8190308	773.57822	761.9934685	660.9922756	527.0989442	555.6245039	520.9331233	702.2540727	663.8320814	673.1326426	495.4274947	426.0146888	387.4343755	339.1362454	332.4869806	326.1116551	666.6294381	839.4184845	111.4578375	843.0089543	775.597971	81.28209143	202.1117103
Belarus	BLR	112	BLR112																					0	0	6154.9748	5084.5444	6415.460213	19002.86132	17648.70307	20718.22604	22652.33749	19091.15072	15064.32644	15148.51098	14169.54368	15539.66763	18014.40651	18753.59347	23807.49335	26231.70045	30984.90464	26114.13831	29006.48444	25822.19838
Belgium	BEL	56	BEL056	33521.09205	37829.14905	37108.56669	34458.10905	33388.91442	33891.52146	36114.35046	31490.72542	30209.8993	32466.37957	30177.75065	25223.58668	24260.91652	21288.03594	20332.62615	19043.36799	22706.79065	20955.71355	24784.51792	25118.16704	25838.83594	26861.63787	25331.12498	28339.99119	30210.46356	28861.29091	25905.85954	28516.38837	23086.10448	28396.23403	30343.5794	27314.30641	23732.58653	24712.11267	30348.89242	39369.38663	44405.91938	45243.80876	44159.20704	43118.22763	44612.78059	45735.98804
Belize	BLZ	84	BLZ084						31.16076684	40.77910849	42.87089541	35.51027612	38.44014314	35.75670468	38.29024828	40.82379189	48.72326259	54.67538758	57.83396219	65.80168086	87.47331712	99.69987159	150.7595055	144.7230669	169.650551	194.5780351	219.0688907	259.2429812	195.2509922	167.3330349	156.7001762	143.0460037	167.061912	252.0618196	523.3021965	509.0630728	413.7909014	241.1515022	212.5254032	223.7775106	229.1297884	596.7037301	274.0707767	193.0326292	433.7340521
Benin	BEN	204	BEN204	220.5570699	123.902854	137.9507464	154.3473263	0	0	0	0	0	0	767.8514588	796.7691736	842.7067316	870.3907143	936.984842	1003.57897	1070.173097	1136.767225	932.1945718	1133.716451	1334.114379	1454.230027	1654.627955	2170.927938	1604.549115	2378.649634	1738.691621	1986.760184	1253.056877	1677.626914	2211.706658	3530.130819	2755.238323	2987.411065	2328.941036	2679.71481	5339.033134	5134.448646	5102.748255	5372.189488	5547.143627	6148.186701
Bermuda	BMU	60	BMU060		0.086678102	0.087992055	0.264069828	24.49575068	27.2232796	26.30538285	29.91186625	47.42182223	21.37187083	0	0	0	75.49210396	420.0797062	155.0973367	200.0328845	244.9684323	289.9039802	220.4614885	219.1227169	126.0847897	261.4032487	193.8186175	113.9352388	34.05186	34.05186	34.05186	0.011686424	0.023372848	0.035059272	0.046745696	0.058432119	0.070118543	0.081804967	0.093491391	0.105177815	0.42978851	1.382681638	2.403678486	2.119394656	1.903214547
Bhutan	BTN	64	BTN064																					34.05186	344.476676	344.476676	38.25268917	0	0	0	0	0	0	0	0	0	0	0	0	0	0	0	0	0	160.5354684
Bolivia	BOL	68	BOL068	339.9981212	350.6723247	408.8639933	296.5140297	521.480636	721.0215364	666.1779921	769.3122003	771.1258011	798.6794101	821.8090615	1014.276733	979.2191749	1001.153875	847.7754042	1136.468136	890.4622212	1137.846386	1398.877221	1520.608143	1621.880601	1676.178373	1700.766543	1954.110867	2256.074106	2602.874997	2768.94682	3058.40749	3388.583025	3479.52946	3152.004182	2903.44436	2992.378704	3349.725205	3718.746478	4435.603535	4822.873559	5227.741716	5702.376456	6786.535281	6987.749519	7965.73236
Bosnia and Herzegovina	BIH	70	BIH070																					4120.27506	4086.2232	4143.33246	3799.03032	3454.72818	3313.807816	2766.1239	2555.62556	2478.93102	2134.62888	3315.065008	3659.487076	4212.61607	6120.079952	5977.286	5686.840646	7111.391558	8319.292988	8929.704564	7669.973712	7619.31412	7185.837416
Botswana	BWA	72	BWA072												0	0	0	0	0	0	0	0	0	0	0	0	0	0	0	0	0	0	0	1279.729545	1215.291061	1339.195721	1039.477508	2301.268855	1718.881626	1576.418576	1891.177073	2044.898674	2226.436605	2218.824592	2102.047518
Brazil	BRA	76	BRA076	25032.0369	27032.94288	31169.62621	36254.40572	40339.26772	47264.32903	52109.3951	52011.13637	59842.4506	66398.30486	72402.59969	69428.04439	68818.98216	55936.89159	52671.36412	88085.81868	107854.6859	110940.3397	111118.4398	102199.0532	113395.9693	107754.3576	107349.9483	103712.8154	112490.9985	119547.9978	143811.386	154222.8708	180835.6352	165135.0197	169770.6897	167863.4015	165186.7424	137475.3196	148032.488	154000.4321	174496.4774	180225.8871	212621.0019	212257.6852	267410.5728	265857.1574
British Indian Ocean Territory	IOT	86	IOT086																																										
British Virgin Islands	VGB	92	VGB092																																										
Brunei Darussalam	BRN	96	BRN096	320.3701111	311.0647801	347.3693102	226.9405759	271.9568145	354.754855	309.6844608	365.5507693	263.9243614	171.7443358	434.2436537	361.8067297	686.4123876	738.6943112	610.0723182	706.6003701	576.4284766	573.7282704	811.8487399	837.4150463	904.5400273	736.8999223	989.3280149	1503.760829	1944.290836	2130.871739	2380.749082	3029.634185	1954.375002	1654.549857	1644.670305	1284.769668	1329.521557	1292.268595	1340.252845	1407.015033	1203.765981	1005.381626	1327.550091	1386.998416	1769.979502	1998.485307
Bulgaria	BGR	100	BGR100	13346.5303	15614.99976	17227.61574	19579.77508	20890.84337	23588.51844	25113.32019	29228.91433	32230.60842	32498.31079	33099.05112	33325.31335	33797.24936	33330.26944	33583.27721	31853.68579	33848.39858	33169.6535	33131.20528	32000.93058	25716.17583	14052.50832	12788.72576	11794.30865	11669.10278	10681.95679	5310.428383	4625.320011	5678.069612	7066.502186	6900.633273	7364.655182	5487.917699	5889.008894	8482.648842	11922.94735	18061.02158	18243.95675	19747.0263	13269.71894	10342.68169	11405.20325
Burkina Faso	BFA	854	BFA854	59.62920051	88.67961381	91.84956499	107.9854416	141.0141469	130.4246974	141.7723194	174.1475297	189.4688248	277.4229008	298.1520317	252.9337467	344.8948371	221.3612147	254.5440971	287.7269794	320.9098617	354.0927441	387.2756264	420.4585087	453.6413911	486.8242734	520.0071558	553.1900381	586.3729204	699.8380828	753.1144046	752.8387768	779.4150669	949.3185621	1101.652655	349.6223301	380.437566	1420.317165	1506.196646	1745.409439	2006.712083	2629.284988	2761.281304	2841.182592	3082.452372	3056.311306
Burundi	BDI	108	BDI108					47.38326532	50.76836231	44.75623644	52.18262314	59.60900983	67.03539652	74.46178322	81.88816991	89.3145566	96.7409433	104.16733	111.5937167	119.0201034	126.4464901	133.8728768	141.2992635	216.8293701	258.3076168	265.7340035	273.1603902	190.2069154	209.1541757	174.8867014	165.887486	197.0089226	186.0574348	199.2820056	220.5991293	241.099849	192.2105635	180.7783239	198.7805595	221.7398757	306.3495656	406.7885188	410.2473798	492.2473628	778.3715382
Cambodia	KHM	116	KHM116	188.9680025	183.5436794	195.8016944	346.5468051	336.7273557	402.3197281	467.9121004	533.5044727	492.0538051	571.8136386	651.5734721	731.3333056	811.0931391	890.8529727	970.6128062	1050.37264	1130.132473	1209.892307	1289.65214	1369.411974	1449.171807	1528.931641	1608.691474	1688.451308	1768.211141	1847.970975	2181.170947	2246.76332	2178.551892	2155.833756	2131.977652	2274.42898	2720.817478	2668.367092	2973.402481	3306.793302	3912.150918	3931.172121	5115.263245	4691.608135	4291.15073	4505.152404
Cameroon	CMR	120	CMR120	442.3495852	734.1912263	914.4972498	916.8096364	1080.532132	1195.817962	1174.016266	1804.912567	1297.432893	2273.116921	2146.628873	2025.369638	2020.877358	2343.444114	2351.147389	2426.954384	2468.709519	3523.036329	2980.375729	2403.663268	2362.386276	2160.745136	2130.308306	2539.614175	2341.193983	2301.319223	1180.157902	2201.877625	3184.235632	3377.263742	3616.245488	4281.065757	3950.069715	3820.614083	4531.290611	4839.101899	5034.080292	5269.91207	4783.525675	5519.741723	6179.275374	6507.600291
Canada	CAN	124	CAN124	92484.30536	98528.32839	109356.2369	121167.5674	121211.8172	123314.6542	117518.9571	123905.4606	120173.1204	138359.3024	134500.5119	121001.2034	93815.61632	100918.5296	95541.33586	113977.9824	114336.1896	130905.1299	121727.6006	131489.6832	123515.6057	119853.1937	103411.9805	106409.7318	118010.3925	116625.1645	117290.1435	135057.7837	136971.4269	139731.5471	141032.2249	132219.8142	141603.3296	136018.848	140360.1642	204929.1952	149384.8634	136122.3041	142737.0424	135032.505	166514.7181	169422.9651
Cape Verde	CPV	132	CPV132	46.21583252	26.76076	21.89030168	31.63121832	9.74091664	9.74091664	9.74091664	9.74091664	102.3652592	145.6159995	76.61070373	105.4009512	134.1911988	162.9814463	191.7716938	220.5619413	249.3521888	278.1424363	306.9326838	335.7229313	364.5131789	393.3034264	422.0936739	450.8839214	479.6741689	508.4644164	487.9882817	386.6111155	352.138825	424.3304602	444.2988362	427.2745399	493.4528156	578.8011061	559.9573391	636.3404045	762.1610385	848.7713547	943.7205258	799.5626716	825.9815415	784.9125457
Cayman Islands	CYM	136	CYM136											26.76283931										34.05186	34.05186	34.05186	34.05186	34.05186	34.05186	34.05186	34.05186	34.05186	34.05186	34.05186	34.05186	34.05186	34.05186	34.05186	68.10372	0	136.20744	102.15558	68.10372	68.10372	68.10372
Central African Republic	CAF	140	CAF140	0.361173921	0.540607493	20.6991642	40.8577209	32.21920395	51.64614378	42.67360171	41.65344675	26.49752778	21.84353458	38.77395686	46.88319848	54.99244011	63.10168174	71.21092336	79.32016499	87.42940661	95.53864824	103.6478899	111.7571315	94.33850757	76.91988365	59.50125973	42.08263581	46.5963063	37.5442143	27.70619624	32.545778	52.7725927	66.68981696	58.22623622	52.61757364	31.61298354	26.82782514	47.86418294	46.89495906	40.08956934	33.21205937	41.51360304	70.8490559	76.21835887	113.0973836
Chad	TCD	148	TCD148	36.78627465	30.58068187	30.73299876	41.76809519	33.0405336	38.10129036															34.05186	68.10372	102.15558	34.05186	34.05186	171.9922098	34.05186	34.05186	34.05186	34.05186	34.05186	34.05186	34.05186	34.05186	34.05186	34.05186	34.05186	34.05186	34.05186	34.05186	34.05186	34.05186
Chile	CHL	152	CHL152	5465.781693	3656.516438	3757.183382	3662.586106	3744.585946	2634.497866	2425.815498	2746.426805	3108.359169	3511.685775	4099.208823	5184.27502	2978.985442	3269.569226	3651.530876	3730.64195	3902.689806	4235.785361	4873.232886	5397.665009	5503.965449	5856.617775	7155.954359	8696.691083	8301.292751	9097.263568	11273.69584	11968.93108	11576.89634	8883.159884	10083.14274	10520.08563	10269.46129	10659.59304	11413.2834	17076.49982	12322.09719	13514.27405	14564.37532	12323.52181	14143.44801	16513.20776
China	CHN	156	CHN156	43303.15359	82661.9012	99836.8604	94289.36795	100078.1841	116552.4299	171705.6177	191799.8426	222045.8303	247791.5724	269050.6549	285005.7376	312836.5277	353023.1391	395834.8128	465737.5735	519215.4127	564482.8585	641449.5581	633047.6976	583705.2465	709967.0178	871286.0315	1041317.606	1194795.296	1340317.366	1390976.691	1468217.029	1544604.521	1638891.345	1717553.686	1892693.422	2078752.227	2464025.623	2813191.971	3047665.49	3476187.663	3828585.039	3933355.367	4678832.158	5563606.917	6080328.698
Christmas Island	CXR	162	CXR162																																										
Cocos (Keeling) Islands	CCK	166	CCK166																																										
Colombia	COL	170	COL170	6772.755781	7019.588377	7030.981182	7794.519007	8087.969459	7305.393944	7871.551899	7685.626539	9400.538267	9556.801733	9472.061908	10129.01545	11736.12319	11383.41861	12435.38071	13040.71129	14647.6742	12775.42377	15072.7902	15046.63088	12974.43539	12601.08128	14714.3049	18094.12675	21986.2951	21921.20271	21928.79386	18847.99513	20266.61813	19488.00647	20503.1102	12182.24379	11238.79784	12947.46241	14285.85808	20498.26582	21534.61392	24327.04627	24396.42645	22712.72808	24791.71163	28455.59726
Comoros	COM	174	COM174																										118.7046513	65.35429314	68.0889752	86.99843864	94.57233316	111.7017939	73.34581608	78.69679328	99.61949278	185.3785603	281.1362721	278.2024097	51.96287165	139.5334313	323.929754	1755.642368	333.3106527
Cook Islands	COK	184	COK184				0																												0	0	0	0	3.920215845	0	2.224068031	0	1.083203311	1.145933208	1.029200097
Costa Rica	CRI	188	CRI188	519.0574866	583.0114093	706.1445021	764.9388391	822.0630612	888.4246561	968.6914256	1098.720072	1350.443199	1429.366054	1501.375141	1124.002011	902.3017854	1013.125034	1179.887261	1242.39647	1351.763546	1522.885573	1431.045452	1560.624582	1744.533063	2413.703524	2470.422645	3220.973529	4301.333573	3296.462814	3479.096633	4085.500805	4904.38829	5594.625819	4759.163961	4640.528583	4537.284879	5272.428426	5936.208175	4807.679504	4399.0531	7822.070664	7075.756234	7109.381788	3913.62615	4882.893382
Cote d'Ivoire	CIV	384	CIV384	2672.767891	3145.034155	3810.738063	4235.078949	4437.603245	4924.157195	5747.772196	7779.295764	7885.074891	8736.706113	8144.292505	7702.796342	6973.460616	5415.239875	8120.026559	5313.42574	7558.153492	8598.802576	6991.704727	6435.789458	3721.058618	3900.735877	2474.222724	2251.030656	2090.189316	3437.645275	3761.085254	5184.745038	4426.964724	4663.438148	3836.346023	3758.83533	4031.463971	3611.385177	3571.689411	3308.244691	2845.942748	3920.815548	3401.374275	2866.911323	3115.057412	2927.960124
Croatia	HRV	191	HRV191												0	0	0	0	9.84	0	0	0	7.38	3405.186	5126.006657	5755.916034	5177.829448	5564.529787	6559.910794	6791.267298	9363.105036	9725.842146	8901.432856	7910.09127	7916.633459	10585.42919	14618.48428	16035.9694	13069.25535	13351.94257	15025.15435	15550.8625	12745.50603	8571.802127	9227.529724
Cuba	CUB	192	CUB192	3876.510201	4709.330086	5730.885886	8202.49278	9087.84114	11715.02795	12802.49278	13116.35998	14150.09675	12894.98521	14266.91471	15979.50617	15225.4292	16259.18056	16942.73076	16881.87196	17205.38772	18248.39762	18892.3249	18693.18221	14225.66652	7974.14522	6203.4485	3692.552084	3710.082796	4682.97264	4909.894228	5503.518408	5128.947948	3126.257222	3740.813282	3664.036145	2438.738057	2561.62665	2980.393123	2562.181591	3431.170428	6837.763403	6779.819115	7075.448376	7592.1233	7369.816736
Cyprus	CYP	196	CYP196	873.8848186	1025.613039	1047.942901	1646.526533	1057.944355	636.2826386	1071.677091	1089.141506	1456.06675	1748.77092	1898.282727	2037.362744	2019.007587	2168.686335	2218.971968	2137.056915	2069.900485	1771.33654	1984.476316	2778.973422	2523.646975	2815.800911	3635.381103	3775.346982	2919.922269	3156.432325	3132.536507	2684.617312	4551.66247	4784.411927	5241.065007	5402.979429	5565.548431	5900.895653	6295.150213	6648.314078	6555.159682	7038.537996	7729.971666	5936.528128	5923.304048	5348.059492
Czech Republic	CZE	203	CZE203	19419.77576	17434.55232	20431.116	21214.30878	20941.8939	17230.24116	17366.4486	15663.8556	17434.55232	17468.60418	16412.99652	15425.49258	16004.3742	16447.04838	16276.78908	17025.93	17809.12278	17775.07092	17741.01906	18115.58952	17094.03372	9534.5208	9840.98754	15560.17721	19654.79993	22335.97008	18978.39154	17381.55059	21767.03001	21232.72921	21765.98935	22067.8131	24227.20261	27122.31588	30042.89354	30653.16697	33790.54798	32704.93463	32991.73495	27193.27339	24438.56937	25137.01744
Czechoslovakia	CSK	200	CSK200	19849.17823	21335.63141	21574.04302	22474.16794	24045.74709	24953.20447	25614.91778	26142.82729	27364.08133	27507.62605	28281.25286	28548.86046	27687.64568	28152.31952	28237.47226	27490.60621	27247.32414	27806.86487	29367.6862	29137.11549	27336.11634	22208.75472	22746.646																			
Denmark	DNK	208	DNK208	19168.00459	19405.79678	18933.41496	20645.00009	15306.44583	16083.31004	17792.20545	18670.42884	17459.72406	16188.95843	13619.86482	10957.95719	12085.46094	13094.33726	12481.92361	13445.2309	14140.71803	14020.27945	12968.22185	13627.78673	11270.45445	10502.77296	10508.74592	12499.05833	12815.44854	13365.76391	13473.848	12523.56608	11090.09565	10859.28569	10192.88174	8453.385092	9533.821171	9528.710376	11070.55002	10667.18222	10706.52065	12687.03053	11932.94094	10333.82503	10412.36903	11874.0605
Djibouti	DJI	262	DJI262											62.50437389	61.55430803		54.80855199	88.08503254	78.02270847	51.75949522	75.02127515	77.07166585	64.84396812	143.0047617	168.2736013	68.10372	68.10372	68.10372	68.10372	68.10372	68.10372	68.10372	68.10372	68.10372	68.10372	102.15558	102.15558	102.15558	102.15558	102.15558	74.914092	54.482976	96.51414867	17.02593	10.215558
Dominica	DMA	212	DMA212								4.13453742	7.39935014	0.334937672	19.80862498	25.32810666	24.28156291	23.23501917	29.42947144	35.50885244	35.99606419	38.47160041	45.94554884	69.28092086	57.55293684	45.82227674	34.09161664	22.36095655	35.77833597	60.32588211	53.83271017	50.15500569	52.52796791	54.90093013	79.08075666	81.44916421	79.23514217	94.22651457	85.25872699	91.74654944	70.98023982	55.38033309	67.49719311	67.82519439	46.02473572	24.22427704
Dominican Republic	DOM	214	DOM214	1321.018157	1598.338764	1852.052111	1591.631571	1686.941281	1610.456979	1944.296539	2624.945158	2329.516031	2308.807551	2616.715767	2259.550939	2350.006729	2935.317295	2968.340916	2550.327189	2854.409705	2919.231218	3998.177967	4281.511386	2836.447599	3304.778152	3652.685284	3401.151393	3486.803078	3888.23173	4394.098844	4909.946064	5034.332629	7861.555955	6674.66528	7310.182362	13176.46916	11436.76613	10100.36154	10006.30559	9630.109501	8730.870225	9339.779781	7150.718881	8231.877734	7417.715686
DR Congo	COD	180	COD180	1118.478791	1221.254043	1246.260157	1365.2677	1414.546306	1576.835723	1662.262369	1238.816175	1198.506549	1206.669429	1187.214357	1094.755931	1449.951498	1374.539677	1432.904894	1208.409312	1102.654067	1318.582927	1325.513964	1230.99496	1233.671036	669.019	465.637224	398.735324	1139.206089	628.87786	644.934316	334.5095	358.594184	425.496084	452.256844	870.0616314	988.8093809	1244.374639	1438.727781	1367.474836	1418.32028	1418.32028	1713.162632	1231.797783	1310.474417	1225.107593
Ecuador	ECU	218	ECU218	899.7703379	1012.203835	1039.01832	1459.253718	1556.457782	2002.708398	3485.892538	4682.036996	5292.594153	7388.047664	8087.37733	5965.662238	6006.905624	5374.263054	7005.274478	7850.717616	8921.656903	8746.668137	11051.24792	8673.547779	8706.741534	8736.422282	8179.895379	8345.533064	9545.396433	10877.41493	11797.66982	10724.42289	11835.99451	10079.66794	12020.66605	14102.61202	14588.29208	15315.64203	15210.91338	14600.69798	17225.06722	18316.53028	22164.83215	28596.43879	26402.16417	29510.55837
Egypt	EGY	818	EGY818	12081.20528	10582.57253	12917.33827	13301.6459	13686.04742	16470.42405	18326.44191	20278.66672	20672.33112	23859.21637	25890.37334	32237.1105	37070.24671	46631.26921	54190.63994	62146.54833	59004.99376	53464.25548	52605.14626	55111.92766	60607.52088	64756.40109	64940.79548	64713.74659	69599.04479	77455.53152	79712.74647	84848.44341	94652.61063	110068.7397	94982.76199	100323.7068	99144.94708	101015.1406	102819.3228	111108.6505	123135.2763	131365.8244	149038.6425	155101.8575	151240.4445	136366.1554
El Salvador	SLV	222	SLV222	447.7361649	501.1045009	587.7861296	649.6351619	789.4554685	919.7670536	882.2107113	1045.291045	1103.471549	1003.732141	1148.574188	1072.176069	995.7050213	1044.90288	1023.403074	1160.408783	1199.516514	1633.693785	1673.923514	1664.218478	1707.996347	1795.507808	1169.75967	2297.786568	2362.763666	2580.012201	2644.31929	2721.613148	2734.553131	2945.777654	2881.067719	3309.804668	3521.770105	3755.159949	3091.152089	3026.718441	3257.50065	3160.49825	2973.517022	3198.80885	3514.324236	3529.126855
Equatorial Guinea	GNQ	226	GNQ226																															122.586696	88.534836	68.10372	68.10372	102.15558	102.15558	102.15558	102.15558	102.15558	102.15558	102.15558	102.15558
Eritrea	ERI	232	ERI232																							272.41488	102.15558	188.52714	133.8038	159.827432	406.21868	222.579	222.579	222.579	263.92196	735.614266	229.8701	366.07754	604.44056	237.1612	290.68272	256.63086	222.579	188.52714	95.601608
Estonia	EST	233	EST233												45.02649103	0	0	0	23.83755408	0	0	0	18.54031984	1838.80044	1566.38556	2422.89024	2409.537363	2233.545792	987.50394	851.2965	987.50394	1055.60766	1055.60766	1055.60766	1021.5558	2659.488518	2377.404564	3150.99471	4038.802034	4934.189658	4846.01167	3200.304009	3608.197806	2749.770411	2260.665846
Ethiopia	ETH	231	ETH231	1351.776988	1195.185123	1263.412972	984.402388	797.3206456	765.4008937	705.4425763	569.2007985	605.6753798	758.9290894	702.9890075	960.8213529	900.0108126	1180.053191	1412.328476	1079.143795	1114.950468	1426.495652	1394.334454	1308.427084	1188.891859	1117.599446	1109.347011	1175.076702	1513.107939	1975.167664	2594.857298	2018.439539	2027.543902	1707.547483	2355.084364	2299.908498	2433.992013	3018.848744	3515.537928	4147.413245	4801.019032	7066.297854	7433.478169	9500.973669	6585.660317	8249.268602
Falkland Islands (Malvinas)	FLK	238	FLK238																																										
Faroe Islands	FRO	234	FRO234							53.7100442	51.05355708	52.94674704	48.1110349	54.1990061	51.77943734	58.92688845	46.32124851	54.1839398	51.58943595	59.87029622	77.45990293	70.25676803	71.24468965	42.44675342	37.19516033	30.36160491	18.17078886	12.0881029	13.35446622	14.62082954	16.56072506	26.61476935	22.3430643	27.37572226	38.21518148	43.89430983	23.76426136	23.95645447	15.32833586	32.36040354	38.4444088	37.95277617	25.67784571		
Fiji Islands	FJI	242	FJI242	128.9136725	143.8967946	218.3334354	215.2942908	192.7896103	168.4646521	163.8578462	184.3606024	191.8448698	249.1416239	223.7356889	267.4714921	257.1485155	375.322608	259.8630066	244.6180519	240.5805731	149.3133651	103.5691214	104.4832288	127.442481	165.9316392	259.8849076	208.5670907	247.9471172	236.5369786	214.4225359	243.1535372	223.7151706	233.7136399	230.3317292	159.9220663	187.1418479	290.7901045	562.4413114	602.0089707	497.5149196	674.3263829	347.7704548	335.9373525	387.1245769	294.8124013
Finland	FIN	246	FIN246	15563.74605	17203.08506	16724.39266	16618.34184	20123.30673	16016.70586	14461.83815	14690.80788	15176.94573	16617.52573	14997.66604	15400.39319	14446.35623	16851.81054	16717.49514	14634.37652	17541.04219	18057.40779	19634.95718	21856.16813	22296.00489	15867.91936	17986.03306	16172.27989	16394.95097	15550.15346	14476.56382	14517.79965	15875.74074	16124.08614	16080.42269	15406.35748	15892.24443	17630.88168	16621.67796	17442.90916	17325.41138	18463.35477	17742.7484	13778.62365	14813.98396	14432.50765
France	FRA	250	FRA250	169540.2271	169376.8834	180244.9657	195366.9744	191353.9077	177952.7446	186120.1616	173692.708	169119.9614	171862.3706	174170.548	167120.6863	153117.375	144577.0812	131544.0192	139995.3985	148220.8235	155528.0403	174381.2298	178603.3833	175327.1072	179026.8981	154878.6772	159428.6039	167879.6647	159758.5121	157499.3173	167483.5466	171649.7286	185858.9291	197698.606	190073.6989	182961.7231	168213.0925	175360.8715	177276.9784	183951.3907	191170.4223	184609.9409	177134.8263	162713.034	173030.7514
French Guiana	GUF	254	GUF254	80.33997887	52.67240109	54.89679827	47.51042175	42.78715831	61.93431083	38.56493926	61.18028895	67.9689639	66.60479134	422.8433434	83.5482916	108.9169997	106.7784831	98.18963861	106.4297797	114.5797692	128.3166667	185.9811377	269.1963542	266.1337244	311.6491743	414.3231028	108.7593039	163.5098385	156.2660969						160.56456	163.240636	165.916712	168.592788	173.94494	173.94494	165.916712	165.916712	165.916712	238.4383716	165.916712
French Polynesia	PYF	258	PYF258				128.515071	139.467854	161.4246508	184.2815512	218.068809	207.0055254	257.739345	246.7724002	228.4143261	219.7674081	268.8315943	275.7089041	282.5862139	289.4635237	296.3408335	303.2173512	290.7760357	414.5413681	402.0992605	389.6571529	377.2150453	364.7729377	352.33083	339.8887224	382.3590333	392.5625285	401.7247438	392.2639053	426.8409422	494.9988335	650.506073	464.1472086	418.5634625	415.5011191	446.256835	553.0306712	488.5885679	345.6604059	316.0721956
Gabon	GAB	266	GAB266	149.4145903	149.2982957	204.8897065	260.4811173	656.5911281	916.4936989	1051.232764	1595.522166	576.8956674	334.3038728	389.3691033	561.8117902	597.714022	630.6163311	728.1947467	791.6897131	1418.235662	439.4479559	419.5378268	466.3957045	400.2671845	400.7527344	395.8861323	504.6165422	490.2131866	975.9081305	1281.113402	956.7070881	1237.037394	871.2682373	893.9317059	1241.850968	1116.700451	1171.803946	1122.887929	1368.351222	1689.317769	1148.637146	1132.164522	1239.986289	737.12272	603.31892
Gambia	GMB	270	GMB270	22.95664036	48.18357796	38.6727209	46.07108892	37.59858949	42.11484239	51.64227239	41.7559806	115.5502856	79.77917771	79.0284813	89.20997164	99.39146197	109.5729523	119.7544426	129.935933	140.1174233	150.2989136	160.480404	170.6618943	180.8433846	191.0248749	201.2063653	211.3878556	221.5693459	231.7508363	173.9343213	75.53340652	163.5060118	106.1154532	42.30547891	23.31777592	56.44448274	170.6976328	258.3195316	163.5109357	116.6589839	307.5522224	333.3339614	558.7446303	431.3104639	280.4962698
Georgia	GEO	268	GEO268																					8853.4836	3371.13414	4709.17214	3833.43834	1833.99316	335.71132	391.5974318	825.529402	1080.656123	1229.516662	1318.830431	1725.396739	2035.973274	2110.497428	2583.031209	3326.031135	3658.556614	4378.34457	4394.600496	5341.247484	5340.527295	4738.488189
Germany	DEU	276	DEU276	278939.4544	292920.361	303032.5771	294591.6587	277279.3072	263702.1625	254351.5353	256524.6882	258222.9697	262021.7093	258989.9695	233268.9602	218213.6349	230541.5523	224319.9769	205554.843	208763.7652	203539.246	203263.4789	209735.1598	209984.5162	219208.0366	239975.9931	232886.0514	264089.5354	232638.8133	214314.4522	225823.6748	220806.6485	225162.4905	215425.3832	198488.1458	184334.0986	182368.7375	172099.8214	176780.7936	182927.5083	175025.7526	172353.6982	173638.3586	158622.9713	177657.2725
Ghana	GHA	288	GHA288	2233.480267	2581.41609	2048.246798	2394.220132	2598.067285	4089.479686	3355.921922	3097.706837	2627.920831	1532.246072	1071.797015	1525.416226	1866.781803	1556.483366	1425.100207	1902.090248	1598.135617	1863.474807	2490.280341	2808.16549	3185.406005	3467.30376	4283.407358	4654.053044	4962.398473	4730.913679	4387.048118	4770.250333	7197.054636	6821.94994	8361.978045	7467.98765	7384.79639	6497.801824	9451.829889	12553.10256	13665.78748	11872.43364	10914.17507	9867.978408	12371.90717	15092.33126
Gibraltar	GIB	292	GIB292	0	0	0	0	0	0	0	0	0	0	0	0	0	0	0	0	0	0	0	0	0	0	0	0	0	0	0	0	0	0	0	0	0	0	0	0	0	0	0	0	0	0
Greece	GRC	300	GRC300	17323.25202	17718.14693	21560.94992	25475.31675	19807.42811	19276.19254	18754.04926	22668.92807	20497.12633	24829.35443	22394.46118	23614.90582	21534.95756	22935.46341	24754.84855	26000.34625	22507.03041	22700.54987	29215.64712	28459.04986	29496.58483	26174.40351	17273.73958	25992.44435	22615.88699	32235.47851	31713.16118	32968.02602	38054.6297	36204.96959	42589.31247	42914.73289	46482.58895	43765.69801	46826.51483	40049.85523	46524.42273	42213.62478	41405.83453	32180.79578	27102.31924	20967.99316
Greenland	GRL	304	GRL304							0.219143864	18.00306044	17.96521805	26.62398576	23.53316079	25.50920742	25.15641765	27.54145968	0	26.11937416	34.72087919	35.28329403	25.13043027	14.30793738	12.35066074	18.55417153	16.77388254	11.38736972		13.6256611	21.29587295	24.52885642	25.47502858	27.4934589	11.50092098	7.133241143	13.66830972	14.86539612	16.03861728	20.30434397	17.74929351	5.206129237	22.22704303	20.8539966	20.56937183	20.16879269
Grenada	GRD	308	GRD308								25.37722871	25.96061328	30.50191425	28.1656999	29.09990131	29.79860802	30.49731474	31.19602146	45.32821022	60.55424773	68.04726053	77.06831272	84.23484425	77.22352513	89.12938726	120.4451176	151.760848	105.7853057	84.92057267	94.67208657	152.7133705	124.0174757	142.1998386	116.306245	137.6665766	140.7975641	296.1935348	143.4237125	185.843938	214.1751291	205.1495436	193.73187	172.6655027	0	0
Guadeloupe	GLP	312	GLP312	259.7864575	249.9274724	279.48972	293.0450404	308.2359598	287.8428477	307.1235337	283.7410949	391.2395548	312.1585707	412.090201	409.8555651	382.5548693	343.5839132	420.1681799	364.4411532	337.8327448	418.7330218	562.0836614	398.1491135	604.586401	435.2739332	481.3190722	398.0978613	601.8958634	517.2017403																
Guam	GUM	316	GUM316																																										
Guatemala	GTM	320	GTM320	626.0026255	648.2303985	782.4968838	941.1764337	1009.85912	1125.356656	1328.638269	1688.516128	2162.86319	2367.929955	1973.995704	1801.684093	1810.030282	1593.001572	1837.034779	1868.639925	2027.868485	3814.927037	4286.984941	4613.88854	4662.430687	3950.30779	3950.187114	3443.056444	3795.200687	3705.036259	3658.064191	4547.131177	4582.251042	8699.175808	6734.764707	7510.256542	7350.40241	8305.187318	8572.630375	8655.858259	8616.535952	9858.584689	8858.629623	6722.886569	5796.983056	6196.63075
Guinea	GIN	324	GIN324																					34.05186	34.05186	68.10372	68.10372	68.10372	1496.679494	1424.18174	1420.527633	1807.348467	1793.566461	1526.438786	1398.72285	1799.224855	1902.992748	2006.76064	1990.662817	1616.601826	1668.864247	2332.761404	2485.41351	2717.370405	2836.066867
Guinea-Bissau	GNB	624	GNB624	23.6865722	31.42322567	25.11507763	20.88149061	16.64790358	12.41431656	24.95976085	25.30523015	25.65069945	25.99616875	26.34163805	26.68710735	27.03257665	27.37804594	27.72351524	28.06898454	28.41445384	28.75992314	29.10539244	29.45086174	29.79633104	30.14180033	30.48726963	30.83273893	31.17820823	31.47015601	36.35583786	41.18799818	46.02015851	50.85231884	55.68447917	60.51663949	65.34879982	70.18096015	15.14932779	90.29068917	0	404.087476	800.146724	1019.584956	797.470648	
Guyana	GUY	328	GUY328	139.8449747	255.8546489	187.3776119	102.1496236	107.118231	141.4613326	140.8457522	66.00103043	94.74350697	206.2626446	167.9108327	129.5590208	121.3405531	113.1220854	104.9036176	96.6851499	88.46668217	80.24821444	72.02974671	63.81127898	55.59281125	47.37434352	56.26848211	109.231225	162.1939678	215.1567107	268.1194535	321.0821964	435.5095463	316.443798	617.9848846	746.2573934	426.8299928	310.6914736	671.6709512	455.6091617	414.8697555	809.585426	403.0063734	479.027939	408.5688596	528.7802969
Haiti	HTI	332	HTI332	166.0469486	193.4647174	215.7539685	288.7082639	381.9542508	411.6908769	472.5326824	414.5141612	505.5235373	513.4907811	567.5694049	592.3914584	531.0672811	547.1504967	558.3900147	564.7590745	473.8260108	669.9556197	670.0359009	575.35634	535.2152	669.019	535.2152	267.6076	200.7057	232.0540189	263.4005421	294.7506566	326.0989754	357.4472943	388.7956131	420.143932	535.2152	588.73672	602.1171	735.9209	669.019	669.019	669.019	776.06204	776.06204	776.06204
Honduras	HND	340	HND340	394.7414411	390.4728109	393.7843238	450.690625	502.7909453	531.3034325	601.7202299	670.3385865	783.917257	631.693092	1211.206189	726.5458083	716.0614189	1282.79813	1420.442389	931.0308261	875.7289154	1082.879575	1216.997482	1236.239724	1527.400328	1706.388408	1658.618674	1948.722731	2713.785323	1934.73159	2532.462313	2636.969113	2385.607156	2635.455366	3441.222302	3235.845961	3375.51744	3469.653415	3853.038438	3764.508904	4570.773828	4899.712642	4871.02494	4863.745846	4767.37541	4592.566688
Hong Kong	HKG	344	HKG344	2938.143062	3994.609088	4211.79074	5182.998784	5865.324497	5275.966818	7343.582884	9400.236039	10380.43368	11015.48225	13502.51438	14112.61571	13923.94964	12933.79381	12035.43079	13770.31706	15830.91421	16468.26678	17208.79924	18086.11056	16450.205	13949.77912	12520.54538	12545.63066	14215.14512	15180.27438	17685.32142	16988.11573	16192.71327	15425.63802	14425.21944	14981.11137	15335.1293	14579.39369	12433.3444	11710.61703	8894.339628	9257.863544	8814.551032	7484.719969	8200.810953	9594.148221
Hungary	HUN	348	HUN348	23402.50793	26340.66263	23161.83604	26156.21962	28048.55617	29627.26847	30629.67533	33608.12507	35017.65683	33875.67597	32397.89879	32648.32065	31453.8758	29215.07124	27055.55363	26786.22188	27967.90782	28855.74533	27943.4941	26487.58858	25319.64398	20260.23556	16226.09865	16449.62033	18854.66314	18110.07331	18600.18333	17450.47107	19579.27298	16479.7684	17729.46236	17616.98484	18773.58194	16783.7048	17628.40815	22156.07336	24524.73298	18736.12252	18578.42439	17454.78447	14072.0061	10229.99163
Iceland	ISL	352	ISL352	436.0929585	521.3251736	619.55198	937.9486295	774.3086521	1049.578146	658.4633188	783.1381771	569.8690827	765.909035	726.0354919	815.7840209	749.8425997	567.2698177	725.4413306	794.3732426	951.5794654	929.6283958	871.0684352	757.1717856	952.992479	863.0713189	880.9681443	945.7244998	964.4806854	1002.996155	1053.476512	952.2466003	1361.165572	1216.731866	1443.749587	1429.991498	1248.001313	1274.878817	1630.475115	2004.060965	2286.447839	1515.977004	1420.97018	916.0547343	928.6531566	821.0333372
India	IND	356	IND356	75552.07713	73761.105	75490.66402	76557.51722	67140.93052	65247.27413	77955.26171	82340.14933	88005.70246	89269.04555	88677.8346	102054.443	112497.7905	108847.624	112056.6602	126788.1812	139834.7958	146332.9985	161720.4808	180311.9523	185621.0924	194393.6259	195141.8433	202770.2959	210274.278	232793.6014	275224.9549	282501.7179	309035.9599	319421.4538	338027.1728	358391.6423	396883.7232	424357.5687	447145.206	488760.6817	545048.662	599027.2507	652735.9551	714590.9037	738602.2639	874962.5614
Indonesia	IDN	360	IDN360	3194.422715	3711.218078	4810.740935	5777.164498	6878.766653	7193.95086	8667.017789	8759.928493	10911.69732	11689.28982	15161.57242	18244.14826	20885.47389	23274.87668	22901.90078	24742.44564	40335.2414	40281.05695	40736.42418	44086.0175	46709.46395	58405.94482	57432.05109	64537.05058	77576.68259	83209.19493	89011.96265	90111.17475	61246.25437	54524.43442	69864.06803	75627.34213	86872.99455	95665.71566	95366.18836	96658.23398	90136.68166	98145.94309	101455.3875	71015.83006	80672.19817	89643.71063
Iran	IRN	364	IRN364	16100.37973	21858.18936	23092.27053	28128.14289	33475.31946	43022.23553	49201.49824	60889.78446	74752.08147	61959.46542	61867.79478	56426.92895	64685.82776	75459.1155	79994.37738	87231.23931	75909.34188	82564.79107	87774.21437	89234.8391	93114.62227	108695.3922	118203.7303	141905.7232	144412.3939	128884.5333	138324.344	142196.077	144755.6273	136025.0156	137413.7792	157862.8805	139458.3641	143734.0146	168005.0848	184878.3458	214265.2244	232338.7708	208597.2673	234662.9741	206179.489	230321.4811
Iraq	IRQ	368	IRQ368	4783.131215	8008.1169	8133.515465	10423.16369	13029.1458	15412.80182	16696.34532	18034.70156	22039.05523	25595.33459	24284.57002	24756.48878	20424.59687	22501.76033	29921.573	31249.59554	31726.32158	36703.90312	37899.95577	45369.101	36806.0587	21042.0485	40483.65958	25578.95684	26464.3052	25697.71375	23895.59296	24469.6673	25885.42358	25170.33452	39654.39498	38231.02688	45393.58394	29624.76646	23120.17236	33930.36893	32034.7893	20759.61816	33534.62891	34328.28388	33735.38132	44541.39604
Ireland	IRL	372	IRL372	6267.080943	7757.430345	7268.616164	7743.39881	8091.780718	7848.205758	6586.446641	7035.888224	9523.760021	9820.471329	8374.266378	8256.661297	6881.818689	6085.029858	7144.295705	6380.439734	6383.058985	6405.626145	6359.827428	7235.567193	8735.95947	9965.792108	9574.72318	7885.151279	8365.3722	7936.180362	9932.588486	13329.56087	11916.68141	14412.3338	14650.74	11390.1755	14313.44382	17159.24788	16895.56948	23596.10991	22389.60762	12581.10735	17412.82125	10822.01644	12312.41692	10400.17927
Israel	ISR	376	ISR376	3803.699015	4331.870365	5464.923641	4452.498366	6047.065739	7620.247047	6580.614792	6480.017606	6559.466812	6349.418117	6133.792879	6583.701592	7113.239241	6718.499402	6707.700484	6585.239757	6698.904036	7135.907737	7374.859033	7270.113928	8813.8584	10633.2387	10493.73137	13260.44257	14017.80311	17747.17028	19034.36044	15549.75811	27929.28944	26884.47557	24693.97238	20432.91542	20077.15464	17989.80884	16774.68161	17907.42814	18719.05388	20440.25596	19525.02812	22880.67077	23998.77463	24707.95628
Italy	ITA	380	ITA380	162175.0458	154762.8871	162595.606	166299.2636	156875.2981	153313.7234	155752.6986	155369.2675	156967.5101	166503.9979	176135.3785	172811.019	170757.9102	167733.1191	162778.2389	165722.4676	165956.8381	182203.3897	191092.1591	195278.1214	196710.5388	191832.714	197990.1477	165900.6086	163777.5964	166390.5482	164205.6713	172125.3381	174924.5067	184202.6426	188055.7047	195392.3662	202646.4214	215223.7495	226208.3657	220458.5924	231769.9187	226389.4253	201563.4313	179309.1588	192616.4907	165944.8363
Jamaica	JAM	388	JAM388	1620.642935	1885.268986	1699.456857	1946.359152	2203.706916	2411.242459	2166.068849	1658.379351	1300.105249	1128.236944	917.2381634	982.5101074	1173.594018	1202.779782	937.8777458	838.4849744	814.8136482	1232.459138	1546.861126	1574.721039	1819.369971	1455.008602	1932.551779	1548.114899	1667.582328	2030.23207	1940.703966	2061.227539	1878.600445	1649.077268	2298.591572	2379.771212	2484.766963	2544.669969	2725.358463	2833.676604	3616.485604	2909.554797	3441.466109	2433.307985	2333.110791	2852.267599
Japan	JPN	392	JPN392	262644.1631	293818.1052	329895.2274	383705.4814	350111.629	303699.1176	308056.5099	334483.2142	381747.8814	380886.7451	374565.7057	355463.4608	340893.4384	347318.3817	355902.1243	341033.1699	369400.396	383518.9367	407745.9527	412575.2405	429283.2355	427628.1027	414685.5834	408077.7182	406958.6781	400639.8729	417972.9986	406613.8502	385243.535	378743.0789	381393.471	367878.061	350354.5691	345644.2227	344673.4021	336488.6316	348054.2655	334967.9834	311096.0153	290214.3311	275018.116	268433.9392
Jordan	JOR	400	JOR400	1932.763639	2047.980546	1942.682153	1900.622937	1944.97429	2279.881723	3436.733555	4250.694435	6055.509051	6364.48664	5983.011972	7643.374122	9679.251822	8760.647911	9203.723558	9116.159793	8793.180294	8774.55121	8812.187693	7013.640267	5187.380002	3666.443416	9829.91347	12205.35208	13017.80984	12014.86982	12150.58337	10371.7271	10387.60304	10046.77001	10120.19119	10095.60546	11039.72268	10941.68923	13182.53533	14786.93405	14836.54036	15293.99175	14607.65199	14921.2373	18758.76753	20459.42242
Kazakhstan	KAZ	398	KAZ398																					0	0	17126.8864	10704.304	5609.535918	7345.480751	3682.758648	3325.089916	14553.33196	10417.93363	7907.883666	12707.08704	14503.11234	18749.49679	24072.24963	29194.25047	31744.58431	55930.03889	33133.82729	30318.61877	33460.14991	35083.44451
Kenya	KEN	404	KEN404	2879.792249	2979.981154	2962.975898	3043.241177	3113.799542	3495.692691	1920.503031	2390.064829	2031.887056	2134.877408	3185.800663	2913.195675	2518.298197	2464.077772	2529.702339	1848.858947	3080.069942	3869.347845	3483.495605	3436.104681	4811.165233	4068.443938	3787.213295	2464.066516	3494.552064	3932.311763	3819.465848	2785.899286	3612.376809	3487.62155	3835.70491	3897.507242	4702.876311	3686.452812	4384.354408	6165.857259	6873.220104	8297.070231	8299.311079	10714.33303	12398.81955	10264.28689
Kiribati	KIR	296	KIR296				9.040587551	91.45853676	4.955506691	2.67515543	5.898071504	3.018613728	0	0	1.37817914	2.75635828	4.13453742	4.113128812	2.518187516	21.96030783	5.226376428	3.497631332	2.892838156	8.608936492	7.575971156	3.663548044	7.527801788	5.791028464	8.742740292	8.678514468	15.36067624	13.36164747	17.57379109	14.06866675	10.5635424	7.058418058	3.553293713	0.048169368	41.05944351	74.56312224	108.066801	141.5704797	175.0741584	9.887297997	3.992705392
Kuwait	KWT	414	KWT414	2878.487528	3527.406256	2801.372686	2750.240809	3723.919781	4315.973094	6802.015668	7946.439338	11570.37815	14507.84943	16445.55839	15528.31025	19401.27322	10986.55546	13377.65664	12697.94375	10595.24666	11242.03425	10957.47502	11678.44748	6234.184539	301.9601976	2298.271543	7092.313116	9068.06865	13585.00114	14878.52497	11982.48635	11102.79261	10944.50441	10472.67338	10739.1144	12065.18677	13532.36052	17064.918	18880.35159	16842.15644	17819.53545	15834.60003	15221.35357	14493.65879	16192.77245
Kyrgyzstan	KGZ	417	KGZ417																					0	0	2943.6836	1873.2532	243.25048	702.8040552	34.05186	34.05186	1400.536137	1268.467344	1766.454037	1906.67282	2114.025216	2157.404813	1992.196989	2282.80616	2173.583469	4095.222926	4525.667613	3584.679387	3659.314904	4175.898531
Laos	LAO	418	LAO418	391.279134	188.659376	121.1876752	100.6435896	73.21553399																			18.732532	26.76076	26.76076	24.084684	21.408608	214.08608	214.08608	246.198992	230.142536	588.73672	655.63862	655.63862	669.019	669.019	1070.4304	1070.4304	1070.4304	1070.4304	1070.4304
Latvia	LVA	428	LVA428												0	0	0	0	0	7.848265419	7.848265419	10.46435389	7.848265419	1328.02254	442.67418	1162.078916	957.3428593	998.4584923	1044.75406	1388.926836	1843.346649	2630.518101	2735.146379	2618.890263	1989.724038	2584.879672	2822.069637	2941.246999	3926.009852	4741.272013	5221.271797	4678.429082	2557.172183	2367.526867	2782.37328
Lebanon	LBN	422	LBN422	2334.242754	2374.620497	3145.704243	3429.16796	3722.687611	3555.146628	3752.515368	2972.679713	2986.780399	4762.961605	3327.878371	5792.56041	3970.677152	3464.914831	2827.783939	2183.34736	1971.953399	2003.841507	2030.61831	2043.292193	2075.180301	2107.068409	4493.743038	9493.197226	11308.20115	11575.58395	13471.17449	13563.95662	13999.35577	10724.41517	8759.462524	9508.336847	9232.803301	8466.990437	9904.573307	9666.822065	12427.43971	9639.897575	10531.13756	13734.99159	15773.93874	15709.50928
Lesotho	LSO	426	LSO426																															0	0	0	0	0	0	0	0	0	0	0	0
Liberia	LBR	430	LBR430	295.8416281	393.9574526	356.1819075	396.8792753	361.5835322	381.9312848	330.7049522	380.284251	355.6054968	556.3401439	546.4654235	499.192541	342.5885734	396.9236205	482.3787555	255.4314542	260.3019125	282.1922142	284.0387066	227.46646	165.179584	39.404012	55.460468	55.460468	60.81262	47.43224	74.193	52.784392	60.81262	74.193	224.053256	191.940344	179.898002	100.95376	357.857056	419.406804	448.84364	454.195792	285.603004	222.9828256	225.9265092	196.7572808
Libya	LBY	434	LBY434	1836.670273	1632.677896	4216.839394	6602.962561	8310.626349	8583.828477	9458.638534	13706.22436	12572.53745	12736.43703	12824.74718	19779.301	18862.28001	30516.16509	25743.24015	22706.59928	7806.967531	9558.87612	9616.006703	10276.42084	10705.03293	9905.932295	10017.20816	9630.683099	10995.62564	12382.52166	13280.4329	11748.69128	12930.49985	13661.22818	13132.03769	13351.98812	14613.12437	15768.55562	15246.76362	16145.42996	19111.77367	21297.2877	23883.00269	26198.40904	30331.63375	10421.87366
Liechtenstein	LIE	438	LIE438																																										
Lithuania	LTU	440	LTU440												44.98656868	39.69403119	0	0	0	0	0	0	39.69403119	6815.664537	10590.12846	5989.12188	3561.42436	2736.474031	2679.837279	2930.500174	3826.79211	4606.704291	4073.551256	3406.441415	3126.378171	5594.399537	4879.608804	6133.201236	6482.862486	7204.475874	8330.932587	8252.695464	3903.017103	5453.423261	5572.651819
Luxembourg	LUX	442	LUX442	442.67418	578.88162	408.62232	544.82976	681.0372	783.19278	783.19278	851.2965	987.50394	817.24464	953.45208	1021.5558	908.0496	794.5434	681.0372	272.41488	204.31116	34.05186	0	170.2593	68.10372	0	0	0	0	1259.91882	1089.65952	953.45208	919.40022	1055.60766	1055.60766	908.2953774	804.7309347	1093.993479	1143.417803	1533.893361	1572.059683	2143.709806	1417.751919	2380.529524	2037.245787	2185.792206
Macau	MAC	446	MAC446				170.9991369	112.2883309	74.45141012	84.86478719	131.1558656	140.6332958	226.6955788	238.3233405	335.4740515	424.6170131	452.0653333	283.8036829	178.7510012	236.5876403	268.522347	371.068723	726.1991655	476.0152608	536.2605395	615.2406623	796.4623882	1186.823607	497.913184	468.0190601	410.9886692	273.8690612	136.7494532	117.8564851	1090.059781	647.3501918	1408.114904	1272.32359	2978.058669	4019.896401	3921.643176	2836.697164	1207.538142	746.0305264	912.7840848
Macedonia	MKD	807	MKD807												0	0	0	0	0	0	0	0	0	1225.86696	1028.9358	2402.411016	2084.502844	2282.652315	2711.291341	2160.410018	1612.812362	1421.767634	1371.479896	1097.71893	1330.572101	1897.240675	2579.730596	2952.940641	2288.494947	2015.901661	2225.923689	2572.16922	2917.670216	2770.39113	4383.930086
Madagascar	MDG	450	MDG450	398.8286307	476.5830144	354.5780282	303.7156901	234.9553998	292.1355492	263.9983977	244.1088268	309.1740555	309.4248975	345.7368885	488.1341573	219.8919098	235.1017464	212.77005	274.4245664	282.776849	325.1601211	301.6584021	373.4249886	619.7248304	609.6077028	698.8556831	639.9364749	690.2084894	609.2371814	567.8347666	732.2399263	684.1819928	640.493168	758.3884963	746.1028936	702.5573996	1401.310261	1618.776868	1380.825915	1781.546013	1983.175785	2826.06036	2043.092483	2227.545212	1964.033803
Malawi	MWI	454	MWI454	193.8604929	180.550087	207.5468849	238.9941631	219.476148	272.9441612	229.3024558	253.3591363	304.5960677	336.9071367	327.5302938	270.8052049	206.8520346	222.5602948	199.0012055	194.3580477	248.5271781	236.7091555	242.5862894	240.0043925	367.19518	423.3565874	412.939925	464.0730106	461.6845762	700.7150591	515.7064107	684.0531181	515.2092132	602.7555978	656.3280754	738.4790941	667.9234137	898.8240232	735.463871	972.081026	1115.660109	1021.41652	1444.636044	1309.094703	1275.588407	1435.806273
Malaysia	MYS	458	MYS458	1885.981977	2554.775641	3113.809844	3747.928178	4331.493006	5064.534903	5558.87353	5500.467785	6319.788947	7109.420512	7917.49797	10167.02605	11474.66799	12531.72639	12782.81086	9651.11271	7215.197918	6194.896759	4826.840502	7519.256181	12497.27479	19710.48344	26087.30131	28662.68198	30072.18666	36231.44916	46792.82532	50973.82173	27775.4438	22940.95005	28777.84207	36435.36469	34377.11582	43644.93392	39932.98137	43020.3495	46211.53409	75166.39131	70889.46547	70090.20345	71441.94755	54031.08815
Maldives	MDV	462	MDV462																										207.413231	234.9613568	195.6591345	245.1620875	252.2577779	265.3899037	281.3623737	276.2467467	286.7864961	369.3719142	422.2435893	543.5099331	633.5840554	716.0581514	452.1786277	452.896196	447.3015728
Mali	MLI	466	MLI466	9.78528598	49.20704858	26.469338	18.06225391	9.655169813	59.20643804	63.92142838	157.4376655	114.5403024	50.31946661	88.97418288	115.1907575	141.4073321	188.8843591	236.3613861	283.8384131	331.3154401	378.7924671	366.9729806	355.1534942	426.4628191	506.5266948	586.5905704	692.8022707	774.4042537	852.930022	934.5320049	891.8047126	1060.110764	909.4358754	1379.396006	1603.94113	1493.224635	1719.450883	2149.328464	1937.286689	1949.15765	2327.013643	2890.151768	3299.737616	3709.323464	4030.846644
Malta	MLT	470	MLT470	394.5225809	391.126512	354.2993603	361.907423	306.3091824	355.1658025	396.7167351	396.8955328	433.6027679	450.8014089	472.897269	512.0129725	592.4740501	794.5378413	813.0926246	688.4023636	642.5271058	654.1045451	726.2515541	776.6982841	799.076959	821.4556338	822.8070308	807.7047779	779.1686234	816.3299879	856.1139068	770.1821764	832.957142	766.690805	837.3843839	845.2426064	879.4741252	877.5681252	908.6630929	1388.896369	1329.922723	1166.169474	1507.525569	1095.690943	982.9452785	845.3122441
Marshall Islands	MHL	584	MHL584																																										
Martinique	MTQ	474	MTQ474	254.4313297	282.5048227	156.4384683	296.8712805	285.0179792	190.1725043	289.0043369	282.5672074	280.7124084	68.47333197	5.018391801	327.8798321	316.7740632	313.6524848	255.5327009	294.7284849	307.7182809	551.9101196	453.5757962	486.9471704	582.6004456	578.5291492	612.8781689	482.9621614	499.944224							1659.16712	1471.8418	1605.6456	1552.12408	1552.12408	1552.12408	1498.60256	1498.60256	1498.60256	1180.149516	1153.388756
Mauritania	MRT	478	MRT478	87.76525752	58.10655876	86.05805483	103.5095353	120.9610157	138.4124962	155.8639767	173.3154571	190.7669376	208.218418	225.6698985	403.6859389	260.5728594	278.0243399	295.4758203	312.9273008	330.3787812	561.9163417	605.6201277	623.5800626	641.0315431	698.6241635	761.568936	1576.491064	1607.322925	808.5043234	846.6139792	807.3716575	875.1723759	889.4515742	957.2522925	1264.479867	1563.284366	1436.069582	2120.338693	1489.184654	1945.951844	2699.352282	1670.12435	2189.099213	2965.495139	2991.899154
Mauritius	MUS	480	MUS480	173.803108	219.9493625	249.6404257	351.2831444	404.4139573	518.3297706	591.2029809	656.3550162	788.4763245	792.1830901	795.8778133	799.5725366	803.2672598	806.9619831	810.6567063	814.3514296	818.0461529	821.7408761	825.4355994	1057.470143	1159.909861	1262.349579	1364.789297	1467.223664	1499.945094	1553.891403	1607.82688	1587.052652	1727.605066	1564.079498	1747.797213	1671.00448	1889.928531	1731.625726	1914.161841	1805.63272	1859.114428	1628.752866	2100.699632	1646.878164	1802.980038	2133.872507
Mayotte	MYT	175	MYT175																															160.8185089	119.1385235	130.8090221	172.6593745	192.1813168	210.7247252	241.2140619	210.6028915		255.5834714		
Mexico	MEX	484	MEX484	19001.13045	19322.22199	22358.51183	25954.09883	28166.83775	30843.1738	32888.69265	31814.93476	35155.102	40220.34067	43613.83052	49708.35833	54928.15021	40603.7995	39165.78667	43143.12656	43761.59403	48251.84636	48435.96667	60398.43009	89554.31667	106538.1646	115213.3837	118301.9696	132626.0264	89638.04038	102601.963	98704.72773	104036.5934	112310.2661	128592.2004	123259.5885	130482.4638	132865.3964	142013.9545	152259.8867	165448.8108	165471.3731	161477.9127	154449.7679	139251.2116	140223.0545
Micronesia	FSM	583	FSM583																																		35.65294576	44.9985578	40.53332964	43.45344772		0.054771247	0.021590581		
Moldova	MDA	498	MDA498																					0	0	1873.2532	267.6076	247.8266697	250.3669322	111.9779195	326.481272	194.2456659	234.9769342	707.965818	572.8426189	897.80453	1030.031003	1662.464474	2330.08714	2572.63364	1920.626425	2883.995583	2462.369149	3386.764009	3369.384186
Monaco	MCO	492	MCO492																																										
Mongolia	MNG	496	MNG496	257.8666834	255.4314542	377.0858692	391.6704834	457.3681492	425.7369308	437.9130766	243.2820692	445.1920034	491.4345966	474.3879925	588.3773595	965.4632286	929.1664628	403.4872686	430.2480286	535.2152	1913.769725	1335.22812	1372.826988	1180.149516	607.469252	355.918108	219.438232	230.142536	291.692284	287.8476593	299.0516937	291.4005917	285.0130445	246.1052678	181.2907686	510.9413362	663.0320065	518.2268353	767.5153183	1027.286534	1583.368391	2320.886137	2734.454943	3456.059978	4238.927272
Montenegro	MNE	499	MNE499																																0	0	0	0	306.46674	1502.547945	1917.771646	2538.208859	1784.848753	1601.663596	1287.208675
Montserrat	MSR	500	MSR500						0	0	0	0																					0	0	0	0	0	8.488515748	28.95067595	8.807651191	24.86144717	20.74221155	11.54512708	9.886220877	8.227314674
Morocco	MAR	504	MAR504	3828.957905	4175.309368	4267.650695	4366.506019	4602.752278	6030.105883	8070.959017	10748.46301	10062.88465	10229.0729	9625.767835	9804.867482	10006.43619	10102.37666	9700.425223	10000.33261	10129.56184	10584.97932	11399.44124	14348.55785	14923.05553	20068.35612	22433.66702	20813.85225	21142.81338	20796.15841	21323.1848	23158.94256	23704.51619	24344.21355	25314.47762	27956.64701	27998.19867	30498.91005	33301.73324	35497.24652	38249.20539	44272.60656	49213.51355	55615.6602	53144.53206	52772.93567
Mozambique	MOZ	508	MOZ508	2608.610602	2286.585618	2515.239311	3001.786447	1690.688983	1333.053358	683.5866125	1206.603837	1080.110553	970.6444566	802.7766234	895.2180475	1313.632289	1194.490869	1376.928729	1206.669429	1206.669429	194.6310075	184.5154402	200.7057	211.410004	214.08608	80.28228	53.52152	160.56456	160.56456	481.69368	588.73672	684.8635777	813.1033474	1044.318109	1548.209612	2212.256482	1816.084852	1878.747674	2884.520505	3834.095165	2620.91568	3802.785918	3694.194117	3941.19882	4148.062383
Myanmar	MMR	104	MMR104	450.3544109	535.1039181	576.3464105	513.8707188	440.9880753	497.5242444	573.41934	727.6958118	693.3606861	1067.715887	1062.54999	884.6701475	962.2485201	944.906477	888.6810496	1340.883301	1231.136354	1118.927417	1016.914329	1143.652218	1452.49465	1286.698047	1441.991607	1422.523962	1761.650502	2039.227294	2158.915601	2340.153657	2087.867401	2167.414569	2466.399968	2521.862452	2974.722222	3406.173384	3406.776309	3606.746897	3802.703371	4104.900062	4437.604019	4573.61639	4361.738882	4372.443186
Namibia	NAM	516	NAM516																						136.20744	102.15558	272.41488	238.36302	189.72896	338.11496	471.91876	639.77442	637.37078	1260.611941	1438.436187	1209.904451	1111.836012	1021.042909	1590.457927	1986.36578	2194.321206	3013.213488	2432.487603	1493.227139	1498.539609
Nauru	NRU	520	NRU520																																										
Nepal	NPL	524	NPL524	0	0	0	0	0	26.76076	80.28228	111.9134983	97.30212336	58.39197832	150.8212292	184.8730892	374.5728742	394.0425342	274.8671108	153.2564583	938.4681142	508.1128704	867.5542856	1031.897587	891.1682247	499.9065167	694.3483274	902.9076462	1049.180089	1112.494176	1098.202059	873.2370653	1088.350356	1148.988367	1209.626378	3420.644743	5690.072087	7859.747492	7880.923053	7919.765544	7965.298224	7248.309605	7471.392686	7435.441267	7399.003448	6570.080206
Netherlands	NLD	528	NLD528	44307.53595	46135.36026	44904.41065	42369.80745	40138.86814	39372.61394	39348.70772	39081.10277	40509.86421	40699.19713	38143.6287	33607.74739	29254.69169	32096.89226	34590.05741	34486.7631	37531.00014	36944.84655	38212.12271	38020.23107	38952.83076	35394.87821	35067.00742	30465.6491	33569.26531	28555.93816	26853.49319	35895.40339	24295.77611	28029.1019	25166.65621	29665.71595	27516.92831	23934.46375	26348.24601	26161.99433	29556.60358	27150.64139	26703.31105	21391.54724	19122.75339	21353.9924
Netherlands Antilles	ANT	530	ANT530	194.6524161	187.9113806	179.9420263	174.7343824	153.9171872	213.6659361	213.979037	194.542697	190.0241426	185.5055883	174.4132533	176.9501733	223.7841794	285.7915364	182.1738737	163.7812034	177.4907407	218.0761093	135.2328246	173.3695837	193.9218473	211.6508508	201.0830267	129.4594368	376.5533514	224.9801713	234.483613	243.9870546	253.4904963	262.9939379	272.4973796	282.0008212	291.5042629	300.9772936	244.163594	187.3498944	161.2163825	155.8351443	249.8546697	0	0	0
New Caledonia	NCL	540	NCL540						140.837178	114.4275941	91.60904195	84.47750815	110.830758	128.6790476	116.2093068	116.8747853	70.2478112	81.34689977	92.44598834	103.5450769	114.6441655	125.7432541	136.8423426	250.0970112	261.1960998	306.3470483	317.4461369	362.5970855	373.696174	418.8471226	429.9462112	441.0452998	486.1962483	401.858001	683.8797757	670.416111	734.2263749	739.6401657	679.8362149	625.740344	953.3717128	1098.765343	1060.571972	1131.161596	1179.893664
New Zealand	NZL	554	NZL554	8385.76203	5883.382655	5704.511936	6289.05795	7175.069549	5964.965306	6941.401425	6929.132372	6573.817853	5509.277737	5430.217707	4959.635387	4370.48101	5840.427703	6934.15468	7020.173	6602.342257	7105.056046	6998.882743	6423.017414	6326.691375	4635.679167	5923.768094	6475.357679	7987.510726	7591.227267	8410.002412	7860.688357	7971.935944	7815.747647	7207.969862	6752.466348	6289.60782	8680.277794	8134.224244	8219.178575	8050.940034	7938.942807	7737.303607	7654.475941	8969.886653	7887.535458
Nicaragua	NIC	558	NIC558	428.1693858	308.9944935	417.811287	594.0479676	910.9854605	792.2506202	784.5079865	865.4956208	683.6805772	268.6902416	562.6563074	660.0067264	402.4086489	269.7258342	274.4012351	498.4166797	667.1577493	613.0781911	384.7721709	1193.428135	831.5782632	763.4270323	1151.012591	1057.663527	1097.452823	1336.949356	1249.616187	1482.391775	1571.131537	1857.7424	2579.929381	2409.647254	2129.82459	2904.770834	2962.122952	2595.346155	2314.401176	2403.921808	2534.071092	2391.805496	2501.418207	3277.73516
Niger	NER	562	NER562	80.40483358	80.29221092	87.81995383	200.7239053	62.87141644	68.14158953	97.21971538	140.7330126	192.9735209	272.5224455	319.8247506	350.0804516	345.5279166	338.5401525	331.5523884	324.5646243	317.5768601	315.4595543	271.8363098	266.6950381	238.298666	233.9869779	251.0838977	244.0961336	239.7844455	232.7966814	218.4088392	238.2528794	237.8131198	283.0066191	311.5601787	338.9134219	411.2877796	413.1956666	559.3085625	654.347614	671.4217095	695.1346972	762.0694006	731.268475	832.7686444	915.033423
Nigeria	NGA	566	NGA566	2801.500985	4396.702888	4891.389516	5563.814604	5856.052272	8308.69954	8664.79155	16777.87431	17259.72511	18031.10058	18953.18418	20517.49925	23801.98612	24133.04847	11717.70047	10949.04806	11025.72785	12234.55122	11646.19589	12417.18013	12957.81333	16425.67625	15644.93689	16279.33607	12194.94854	13597.26461	12947.20044	12027.21805	21380.23112	15637.57129	12815.4987	13239.07	13586.84151	15943.88932	16600.43052	19171.27086	24095.77255	31130.25143	43031.4828	32404.34245	36378.71056	37082.9469
Niue	NIU	570	NIU570																																										
Norfolk Island	NFK	574	NFK574																																										
North Korea	PRK	408	PRK408	10752.95506	12893.81586	14110.22621	15569.89186	16056.456	18732.532	18732.532	18732.532	18773.87737	21452.3886	21452.3886	21452.3886	21408.608	21408.608	21408.608	21408.608	21408.608	24084.684	31559.87413	42817.216	42817.216	42817.216	45493.292	45493.292	45493.292	45493.292	45493.292	45493.292	8563.4432	10704.304	12309.9496	12925.44708	14236.72432	14825.46104	15066.30788	15253.6332	16484.62816	16404.34588	17167.02754	17126.8864	17126.8864	17126.8864
Northern Mariana Islands	MNP	580	MNP580																																										
Norway	NOR	578	NOR578	11748.74729	13546.89601	12424.94592	14102.17901	14065.93056	12980.59153	12847.75012	12752.16483	12686.04757	12042.99864	12597.08334	11415.2779	13427.94912	13513.63397	13813.10881	14211.5296	15563.16637	16166.50369	14142.16486	14424.01532	12737.60895	14927.33175	17324.04057	15048.08103	14053.93234	16621.27365	18011.7526	18289.48278	18753.5664	17567.39135	16773.48454	16187.96277	15616.34855	14807.21589	17968.46533	19242.10634	18959.93852	22731.49899	21325.59226	19940.04964	19518.20723	21874.99103
Oman	OMN	512	OMN512	0	0	0	0	0	0	0	1049.685716	1647.93565	1398.632153	3697.40929	4512.316672	3430.733565	4900.125078	3880.703267	3978.517074	1630.188802	2717.345667	2512.03159	2971.773784	3292.033131	3726.561197	4062.991589	4450.953676	4927.64118	4590.610795	5428.032541	5477.54888	5444.165219	3829.632863	3189.700738	4377.744493	5067.291597	7778.924199	6774.052218	7427.407941	8435.660213	9386.125767	12925.15463	11617.9017	16399.59669	17657.80098
Pakistan	PAK	586	PAK586	6894.535163	7028.338963	7225.4052	7709.534109	9247.046814	8366.376963	8283.37579	8601.994751	8790.073365	11002.01752	10112.76376	10893.27981	16378.75784	19940.00897	18849.23196	20923.49571	20189.36233	23990.90366	24905.40496	24202.97465	24420.38983	26138.78648	25307.29441	29203.81894	28202.75164	27357.0252	28942.09891	29627.41273	30178.37598	31995.60575	32708.01314	32042.46015	34573.09115	40258.65636	47582.82831	48326.73627	58757.20592	66786.38584	53769.5984	57248.04177	59865.38738	68152.2441
Palau	PLW	585	PLW585																																										
Palestine	PSE	275	PSE275																					68.10372	68.10372	68.10372	68.10372	102.15558	102.15558	102.15558	102.15558	102.15558	102.15558	102.15558	102.15558	136.20744	136.20744	136.20744	102.15558	78.319278	3011.809304	2503.66391	262.199322	3360.445709	599.312736
Panama	PAN	591	PAN591	667.7382943	890.9893886	974.7394858	1180.443895	1094.118963	861.7324973	860.7377731	696.5187316	763.335222	1129.670603	1523.902429	1402.284319	957.7583328	898.2900352	828.389941	834.5286277	923.8596718	955.4399548	543.4540593	460.117646	812.8768791	815.6611007	684.3722635	1695.75822	2078.430109	1712.033569	1773.586806	2226.567358	3102.341278	2759.715891	2946.06928	2354.318168	2587.47137	4162.117161	4513.150147	4477.554096	4702.968386	4955.772434	7633.893408	6963.547583	5117.289679	2780.06689
Papua New Guinea	PNG	598	PNG598		0	0	0	0	0	0	43.79558939	87.59117877	131.3867682	175.1823575	218.9511862	218.1451842	214.5771721	208.6213047	155.7459359	266.0492681	356.8775214	447.7057747	538.534028	2747.293649	2874.856761	3002.500454	3130.024239	3250.912103	3371.799966	3492.68783	3613.575694	3733.610639	2438.709759	1143.80888	6721.530361	1278.714747	3718.653801	468.5716751	1948.829612	3395.721243	4834.584646	6295.548422	7756.512199	9217.475976	10678.43975
Paraguay	PRY	600	PRY600	359.8443904	225.1298274	321.6339099	350.6384259	338.5796744	462.4536027	545.8457872	611.1384608	668.459885	649.3170725	867.8153108	757.7770029	733.3528152	694.9811977	637.3846256	711.4450971	1084.18957	1040.357286	1173.399495	1186.129913	1180.440535	1175.887649	1090.845915	1539.833199	1676.274861	1956.936712	1927.84786	2112.743169	2221.144941	2130.480142	1946.622303	1693.608822	1324.962842	1787.621061	1673.104471	1813.328571	2122.386418	2130.667575	2215.587928	2159.902381	2614.210107	3058.593484
Peru	PER	604	PER604	2877.552244	3852.102448	4237.940328	6196.615661	4602.124824	5110.058109	5487.207438	5210.8034	4588.249969	4517.765644	3968.843855	7289.743516	6854.42262	6181.942375	5228.474137	4732.326058	5929.080519	6928.833929	6735.823684	5606.835023	5814.991274	5868.246032	5595.775073	6534.566012	7997.034299	12017.13169	11261.17423	13059.34082	11630.04226	10105.88614	10574.88048	9613.524603	9646.19233	9725.942381	10659.15849	10593.59432	13371.95228	15078.59131	17829.99704	19744.01645	24756.05545	24835.43433
Philippines	PHL	608	PHL608	7503.256196	7983.234092	8679.10013	10813.46962	9060.053107	11675.12789	12795.8207	11894.00966	11833.86964	12115.79088	12014.58536	11800.87239	12670.49202	14837.34009	11546.56354	8684.78045	10762.52832	10953.26184	12899.05162	12090.06681	20544.32801	19835.69156	21783.92985	23259.09836	29682.62927	31959.20425	40143.89432	44574.03984	39042.18561	33364.75089	32364.5566	31482.45505	38149.30421	35419.9646	36487.52966	36494.67069	33333.4284	35731.40782	38895.01169	44210.71302	46604.55208	46610.78237
Pitcairn Islands	PCN	612	PCN612																																										
Poland	POL	616	POL616	53808.91687	57282.73385	61410.81509	69754.43195	77852.17356	84923.79263	89806.12338	98220.23301	102970.6728	92797.4497	94407.21014	72949.66853	78656.88492	84212.82868	81641.48129	75639.38441	84820.0497	83150.39559	84625.08852	80349.59856	51406.42104	45463.50794	44657.5479	45970.99635	40389.09479	36628.04487	49538.97516	56392.07515	57688.04085	64311.61063	70038.53588	56420.28007	59613.90987	59460.67159	66359.63135	72109.82407	84845.83764	92796.15236	91940.75338	94779.60313	95856.39329	109140.8176
Portugal	PRT	620	PRT620	8564.468683	9048.074388	9999.597668	11393.89494	11006.67479	11239.83982	12496.57539	15563.88559	18519.93342	18870.27183	21701.55819	21816.46348	24191.60413	22637.45272	18983.40888	19563.02392	21019.65931	23140.89932	23470.33476	27749.9136	28846.98635	32433.76768	32819.96116	35351.5782	32729.64212	37371.26889	36521.81919	48609.80834	52693.0337	50557.19785	52062.67331	60953.16183	52875.65215	44919.41885	46506.83088	42360.89549	35225.58079	34063.86367	30481.6076	29046.37687	22363.18472	22222.70474
Puerto Rico	PRI	630	PRI630																																4078.339824	4142.565648	3971.296784	4228.20008	4238.904384	4137.213496	3709.041336	3572.56146	2494.102832	1865.224972	1918.746492
Qatar	QAT	634	QAT634	681.1951458	681.1951458	727.8538689	378.418555	513.1022916	445.3189484	1065.4052	1151.246054	1216.511566	1053.935881	1118.693623	1613.297722	1979.153491	1567.274909	1463.931662	1008.939194	1004.505289	1000.071384	1018.277083	1158.368612	1315.382597	1560.738572	2235.099073	2863.303204	2637.909503	2450.915052	2268.019108	2323.831604	3161.058291	3282.915432	3625.638537	4403.791684	5828.380822	5661.754372	6553.715827	13709.11193	12325.57759	13245.21381	20599.26866	18527.89656	15154.15165	14668.59699
Rep Congo	COG	178	COG178	4.639603948	0	74.56274826	5.65476758	53.09415245	74.87726881	63.7391216	123.6630004	41.72972294	76.61783065	218.2213143	301.1022314	315.8770144	294.1501207	658.2018218	577.2380433	813.9523531	512.058522	537.8794218	681.6082301	534.5424469	507.9000838	546.6853647	633.7869375	675.4256543	439.720757	485.9641017	544.4807624	591.2971431	634.7533239	693.2699846	862.3376453	1145.927286	1006.131727	1078.028767	1210.738428	1255.874709	1381.29327	1583.410798	1704.779116	911.7678834	2534.554679
Reunion	REU	638	REU638	439.7033501	322.5203584	347.7989041	425.1687036	579.5062916	377.1375495	444.2442684	295.6585257	346.8636356	398.0687456	484.3562498	330.5911628	492.7239515	567.0115456	370.9679152	665.424278	595.2702927	734.5456431	808.7757204	920.5186991	1429.497968	1416.829799	1583.717172	1283.105847	1530.005575	1589.038455	476.72604	510.7779	544.82976	544.82976	749.14092	2023.88248	1756.27488	1756.27488	1851.13936	1877.90012	1958.1824	2126.03806	2160.08992	2160.08992	2160.08992	2194.14178
Romania	ROU	642	ROU642	40875.6619	42095.42517	44452.69551	46977.75833	49906.9885	51665.72779	57299.75369	61692.91989	64111.05385	65529.59767	64712.36762	59976.21359	60721.58146	59591.46731	54524.44082	48641.06993	54197.67914	54035.51158	53447.30735	45865.94155	36335.64774	24475.70984	22713.95998	21021.89621	21261.40776	22788.97604	23469.57861	22110.50737	21506.9612	19349.35533	21911.62896	19674.06136	18852.4988	22812.38702	27331.36114	26542.84776	36151.76851	44214.85318	53032.97517	38048.26593	44158.89875	40629.08357
Russian Federation	RUS	643	RUS643																					120952.2067	264480.7966	409299.7773	338369.0475	270183.8977	271494.4934	213548.4435	174027.3348	209256.3962	227111.0489	243209.5715	241402.8238	234396.4514	251097.8842	265178.6581	284143.4679	308059.4638	335651.7974	347050.5394	244072.1047	281329.8402	317284.0699
Rwanda	RWA	646	RWA646																		184.8900908	155.3729726	181.973168	262.72014	262.72014	194.61642	228.66828	128.91634	128.91634	142.3449509	145.0865025	275.0792946	325.2817603	344.9501857	400.7322566	419.8759945	461.627696	377.2020101	600.2911255	584.2431198	593.3703619	1062.462137	806.3245998	1118.973368	1349.619345
Saint Helena	SHN	654	SHN654																																										
Saint Kitts and Nevis	KNA	659	KNA659										20.01774158	10.00887079	0	28.84679871	0			0	38.62112883	41.17922378	43.73731872	46.29541367	48.85350861	51.41160356	53.96863343	71.82372025	42.33462583	71.14095424	50.3022755	60.72578688	71.06883935	131.2867659	113.5358132	92.3996779	92.69404359	110.2078264	85.06703699	146.2489851	106.7959606	142.5535463	122.7685724	73.32109181	61.13938513
Saint Lucia	LCA	662	LCA662				65.33498525	33.68585328	36.26702224	37.27098962	35.21829749	44.76272325	31.87474124	58.14310325	57.93300988	39.58986834	42.0087895	47.78459376	53.38110094	85.71939741	81.55468991	112.5024973	197.1159474	142.6891216	152.4592155	159.0431118	141.4629222	187.7108034	159.7652268	144.7597836	147.1052036	170.6513969	206.2690265	213.3898507	146.8252968	75.13304146	115.1935593	166.4809091	150.9067783	251.3701342	204.438901	218.2746768	201.939863	185.6050491	169.2702353
Saint Pierre and Miquelon	SPM	666	SPM666										3.243235519	3.297929161	4.426229704	5.531248386	5.475251496	5.537135754	4.991048995	4.444962236	5.778317103	7.11167197	6.142094846												0	0	0	0	0	0	0	0	0	0	0
Saint Vincent/Grenadines	VCT	670	VCT670							25.20500181	27.48483859	29.76066127	32.03648394	34.31230661	41.68697324	49.06163988	56.43630651	63.81097314	71.18563977	78.56030641	85.93497304	93.30963967	100.6843063	108.0589729	115.4336396	122.8083062	130.1829728	169.1024092	125.7531144	140.8288527	155.9045911	178.9192301	167.0203686	169.5942024	384.0469369	176.21072	173.769277	179.0006604	145.230599	185.8027023	223.9585472	215.1099761	164.1340734	136.8334927	148.1881848
Samoa	WSM	882	WSM882	12.23825485	17.86938509	29.08783555	15.65891421	32.20952905	33.82454091	17.11809014	19.24599873	31.21628203	27.3821502	27.33400492	27.28585963	24.70755675	53.14483554	49.85780489	46.57077424	43.28374359	39.99671294	36.70968229	33.42265164	29.36574872	32.18320522	34.23078944	36.27837367	38.32595789	40.37354212	42.42112634	44.46871057	46.51629479	48.56387902	50.61146324	51.97187664	56.71070949	71.39822149	43.12124232	85.60340557	48.43019442	66.27983275	61.59315663	64.90164826	73.26759705	82.87707019
San Marino	SMR	674	SMR674																																										
Sao Tome and Principe	STP	678	STP678																														36.8429138	20.29301347	50.95512297	30.40829708	39.35358689	45.52842888	28.73863172	55.73947052	54.52146256	36.88317001	34.68147665	57.4927927	52.91977755
Saudi Arabia	SAU	682	SAU682	1809.990763	1885.429346	2440.099618	2586.052803	4434.863346	4742.425539	9190.33676	17461.05764	22949.67678	23103.00217	36043.55073	69918.6486	92547.76108	114719.0352	96932.78722	74716.72148	65928.60684	57109.25098	63456.50875	57373.92929	53644.85788	52135.66852	70894.24444	82556.21935	79236.95004	69140.38703	71141.57574	69122.72781	72001.59555	75559.87284	84333.27248	100120.3431	115433.8609	130494.01	142733.9381	156330.7782	168039.7733	177358.0988	207480.4188	215515.4993	235701.3285	240603.9695
Senegal	SEN	686	SEN686	1025.941539	768.8920254	1283.478438	1404.537152	1260.531276	728.4449738	915.448137	883.5215227	1009.168999	1076.422782	1073.207838	1035.328445	995.2946924	1059.84199	1014.93778	1057.621537	912.9799734	1027.866306	1080.923619	1049.553279	1260.797179	1364.471824	1645.426157	1616.407105	1707.88711	2165.472038	2694.974028	2658.326462	3247.007937	3638.247201	4368.389615	4934.926548	4943.02695	5850.307408	6212.049313	6493.906606	7017.333124	8162.847441	7665.78119	8038.643784	8720.783067	7863.791554
Serbia	SRB	688	SRB688																					4018.11948	2860.35624	1838.80044	2179.31904	2111.21532	1259.91882	2724.1488	4086.2232	3439.23786	1872.8523	1770.69672	2485.78578	3030.61554	3303.03042	2792.25252	2372.27958	2292.82524	6095.28294	6980.6313	4528.89738	4222.43064	5380.19388
Serbia (and Montenegro)	SCG	891	SCG891												0	0	0	0	0	0	0	0	0	0	0	7613.47808	4214.040469	5571.03137	5648.393251	8123.006252	10084.73707	9693.805504	6290.911944	7925.10417	9639.800819	9861.221902	9710.80436	10016.21723	5828.616558	5417.07164	6014.907987	6436.26793	5704.789731	5427.409078	5561.682111
Seychelles	SYC	690	SYC690		0	0	59.78751984	0	27.43301705	30.74641661	26.71665292	26.11176608	5.847357188	0.058707755	59.08380284	44.19899981	51.93828386	28.54427634	46.37104493	24.94996374	50.87862734	56.77661321	55.85358108	43.81747701	60.59587677	55.68398209	72.75597681	71.56095902	63.9981381	77.22894686	111.3677795	128.3330256	135.3818499	182.6926738	134.2372654	165.3821016	68.43015081	100.176601	79.05630268	116.8645975	138.3512078	99.10675127	95.95727608	92.8078009	59.01948871
Sierra Leone	SLE	694	SLE694	80.28228	87.7752928	284.8466033	324.9948938	282.6183204	318.7399622	290.1260516	275.2574645	260.3344995	245.4115345	230.4885694	215.5656044	200.6426394	185.7196744	193.2126872	206.5969332	219.9811793	233.3654253	246.7496714	260.1339174	273.5181634	286.9024095	300.2866555	313.6709015	327.0551476	340.4393936	506.8951869	218.4180601	358.1130933	364.0043266	297.6415078	410.575781	499.4253703	568.0915229	585.9122315	575.6341421	741.9770687	777.9950941	796.6186255	749.1430798	922.9790192	949.8983862
Singapore	SGP	702	SGP702	4701.494042	5602.899531	7169.602757	7899.484236	8938.62529	10549.1645	10960.05192	10477.0407	10814.26696	10439.71085	13040.43487	11982.3451	17713.59812	22251.8627	19714.98726	15490.36243	14202.38763	13265.8846	12759.40206	12881.82548	15186.59564	18244.6038	16607.79001	21075.52582	22872.06931	23139.14392	26305.80244	28395.89299	22834.66663	18079.15337	15996.39996	14738.66985	12739.20286	13220.48945	12418.85605	12222.28183	11869.46074	14265.59719	15808.2966	16845.7454	15945.86511	16651.81747
Slovakia	SVK	703	SVK703	0	0	0	0	0	0	0	0	0	0	0	0	0	0	0	0	0	0	0	34.05186	12292.72146	7321.1499	7457.35734	10261.85176	7605.993987	12294.83611	13098.1989	14096.53696	19050.09742	21003.62712	18286.88393	7059.389757	8188.950169	7796.951922	7744.027986	10258.01755	11365.22443	11073.7885	13121.02215	10183.31738	9654.615965	10552.03125
Slovenia	SVN	705	SVN705												0	0	0	0	0	103.32	0	0	236.16	0	12.3	2225.943982	1744.795408	2192.400258	2377.749659	2630.69718	2710.640026	5755.424244	6720.48722	6829.143049	6387.851135	5996.947449	7027.572772	6511.698413	5750.895659	7313.419681	8410.685686	8305.459054	7128.13367	5870.625929	4730.357775
Solomon Islands	SLB	90	SLB090	17.30774097	14.23989547	12.31993672	18.54957939	14.97715441	22.14927091	12.40689848	7.391321912	14.93250408	22.21678295	19.75479303	24.81525275	15.99758233	19.3346491	18.89309656	20.10803506	24.66271642	23.5494688	24.4967997	24.0493598	23.60191989	23.15447998	22.70704008	22.25960017	21.81216026	21.36472035	20.91728045	20.46984054	20.02240063	19.57496072	19.12752082	18.68008091	18.232641	17.7852011	26.28762976	27.93944704	29.59126432	31.24308159	32.89489887	30.6301866	28.36333346	37.6904284
Somalia	SOM	706	SOM706	44.47907258	183.0971627	146.8702335	0.113963373	197.9814546	263.363686	210.4141906	170.2819165	0	0	141.0006568	162.0720257	102.2880062							133.8038	107.04304	26.76076	66.9019	66.9019	66.9019	66.9019						0	0	0	0	0	0	0	0	0	0	0
South Africa	ZAF	710	ZAF710	22099.07319	22343.80836	23088.23677	24297.5042	25640.36648	25645.17135	25302.15193	24367.8682	25007.7058	25893.11493	27413.43525	30186.75996	29722.13471	28840.48025	28961.30956	25501.09407	24307.15035	23475.32351	29450.80696	27822.53624	27445.95625	24433.83244	23370.41137	26703.18023	27586.04807	29859.19044	30248.07066	31620.16052	28934.00527	26834.56761	31796.5372	28843.31462	31564.12643	33403.70559	40713.75713	44631.24629	46580.91064	59493.45777	53566.18688	46448.47337	41890.19018	43141.02527
South Korea	KOR	410	KOR410	20383.29371	21887.19912	17489.67622	23890.35464	17339.58605	21034.0025	26890.68196	40996.72983	47301.09046	46197.4017	35436.82822	36132.30643	46491.41913	60370.76204	61379.49811	59532.70049	66432.20037	75130.78786	83122.25011	91876.3821	124399.2593	147165.8111	179002.5602	171417.4868	185440.7275	200525.5003	222177.875	227730.1847	166181.7509	175088.5637	184799.4686	195879.9527	191429.2085	212663.4403	203816.1044	171607.0969	171034.3966	180170.5744	171565.4485	177471.7292	155745.0662	148395.7805
South Sudan	SSD	728	SSD728																																										
Spain	ESP	724	ESP724	76704.39279	64483.44211	90865.13482	81674.5505	82173.89535	85416.60314	86063.65687	79441.40702	86528.62571	71600.04981	69588.73797	77422.7497	76847.67058	75787.88625	66616.8731	73786.25171	81034.50417	81257.13386	92502.27575	117736.7035	127916.2084	135539.4061	137779.5796	117250.9286	128012.4636	136010.8912	106323.8963	125543.8552	156686.962	173826.3584	175126.538	186168.5273	199915.9505	200420.5585	219827.3599	246272.4567	252513.4665	263397.3398	200364.8649	155580.4244	139068.4159	119868.4377
Sri Lanka	LKA	144	LKA144	1557.806549	1238.239883	2333.558753	2718.345147	2081.590328	1848.423473	2299.659574	1975.059309	2752.904952	3027.07383	3501.629066	2549.008208	3213.380749	2867.533602	3526.590619	3720.294025	4448.107857	4202.870425	3714.968486	3583.935038	3859.170667	4330.598172	6119.282214	6078.560009	6946.733157	7387.104682	8026.960042	8198.11759	9082.34507	9665.810578	10207.324	11499.55501	9187.214474	10306.22574	10086.54508	12497.68389	14348.36901	15479.67992	16415.23663	15250.83062	16388.68542	24736.78694
Sudan	SDN	736	SDN736	424.6236832	516.3809771	427.0562363	574.3206986	817.3940338	785.3399955	522.4904586	731.4679095	908.4635762	661.0576739	736.1697751	942.7414123	761.4185521	971.5627722	1074.663952	923.1151137	1212.94332	1283.795532	1606.887363	1904.824079	2223.125734	2496.702852	2983.597295	2577.815799	1807.480647	1307.001577	1329.958777	1152.852428	1358.555972	1444.368401	1582.287361	4777.544232	4229.515377	5520.147171	6138.208766	6062.505314	4917.216368	3671.256283	2899.142777	3367.485491	6810.531942	14819.52389
Suriname	SUR	740	SUR740		131.3685708	267.6076	281.0787632	409.0192486	362.9718124	406.9208121	385.1989068	419.4069899	417.1401571	429.4579385	427.1911057	422.4890438	422.6574401	349.8224832	342.6851921	335.547901	328.4106099	320.9789504	314.1360276	306.9987365	299.8614454	292.7241543	285.5868632	278.4495721	347.4729474	271.6417096	558.604618	563.5729993	415.258873	266.9447467	288.39223	294.6765824	297.9645592	204.7142237	239.4681283	308.7871619	273.7996866	313.2330554	796.7965792	896.1450578	774.5959571
Swaziland	SWZ	748	SWZ748																															261.3140393	630.3778648	1874.448724	508.1915182	98.62490505	115.319094	82.07494852	167.6912983	0	0	0	0
Sweden	SWE	752	SWE752	32212.84622	38565.6287	37623.0571	38816.88574	37643.80753	37264.75869	30326.57412	26186.92572	23802.81717	31279.97959	26231.89338	22492.62801	24585.65922	23068.79708	24474.23746	23256.38432	24286.0875	24820.20124	29418.79	24007.1724	27032.45168	23526.15961	21350.98968	24565.51717	21002.75329	21199.99584	21603.12679	19153.47067	23209.02831	33037.06002	18860.29919	20667.86539	19574.46555	19114.34667	24526.9432	20899.91019	21742.29112	25734.59681	24295.99641	18762.85081	18781.96756	17945.74443
Switzerland	CHE	756	CHE756	27356.2327	29147.81976	31397.46121	31708.4893	29031.1855	22037.15022	21518.67251	20858.80347	21559.75425	22683.95513	23388.16738	23291.28329	22519.87007	21491.6157	22009.89445	21820.85642	23310.13658	23610.64327	23541.85773	26009.499	24995.00796	23636.91472	21784.53041	20045.46989	21443.8656	21249.34835	19046.32366	18471.32969	19746.77306	19721.17268	20214.85433	21460.00202	20265.36895	19749.37619	21445.94649	21869.23498	22014.02351	26344.75731	25934.80044	26056.99887	27766.56388	28548.21674
Syria	SYR	760	SYR760	2586.052803	2437.664389	2693.095843	2274.6646	4058.739772	4953.52894	5988.59837	6288.415349	5407.624862	9007.23047	8790.718774	8430.65919	8748.492427	9992.575962	11545.00991	12575.84185	11613.18545	10408.14564	8291.021173	8030.999999	6898.259547	7464.667441	8537.968184	11604.27128	12553.31554	13403.34499	27920.48018	27046.55534	29236.0515	30544.34962	28603.69551	30964.33555	34702.20807	34609.09353	36914.607	38917.13781	41175.67745	37946.33512	41846.41703	38077.19893	42098.12932	41008.45842
Taiwan	TWN	158	TWN158	11543.62848	13523.92472	15258.50366	16348.38913	16547.8906	18224.07756	32439.41031	39666.6093	43094.35381	41304.44497	47517.71698	48845.89988	46610.11142	49318.02759	48590.45384	51025.25292	51589.76129	53450.9307	59422.99129	63743.98371	67308.96524	69313.69878	77602.96402	88937.97188	84812.36017	83682.67159	83411.90683	83371.76569	82828.29723	78041.03781	72869.36921	72826.05541	68802.21565	63987.6187	67471.14028	68339.57522	66308.562	63908.44255	58328.59994	56422.83293	57141.3033	59364.96209
Tajikistan	TJK	762	TJK762																					0	0	1070.4304	802.8228	535.2152	267.6076	133.8038	96.338736	82.221228	114.33414	167.85566	224.053256	280.250852	478.280476	550.534528	709.76105	740.535924	871.9312556	543.5767304	555.88668	818.4976629	877.0158
Tanzania	TZA	834	TZA834	447.6272325	476.8232217	634.9525525	841.7597058	793.0818834	712.7996034	800.9522229	826.661558	757.5623266	877.5279155	999.621322	1159.2934	1168.997994	1210.333806	1076.520444	879.4446454	872.1293959	864.8141464	833.3975752	1447.6111	1417.880457	1413.356292	1358.41917	1328.688527	1165.154083	1426.964521	3359.375778	3000.124346	2034.676973	5061.413147	2167.863544	2418.755076	3045.043409	3528.42332	3661.804655	3867.473144	3964.768245	4494.597406	5450.376706	6421.533852	7197.295609	7919.482898
Thailand	THA	764	THA764	16419.4591	16323.85676	15708.73292	16271.26732	15108.78156	16748.95368	19664.39114	20154.24415	22366.18898	24086.15514	22320.36446	22990.40021	23169.68458	25939.70065	30163.52735	27545.31314	26811.37026	30806.04333	35092.55665	45805.10516	62854.57921	72789.5881	77107.25081	76121.61919	82911.42615	98226.92608	110299.1498	104996.7838	59900.92719	54102.5351	60382.98413	59932.80312	64819.08975	71738.28318	80545.84556	82525.38799	94569.71996	76884.3989	60698.96437	71931.79318	83858.20906	90130.8693
Timor-Leste	TLS	626	TLS626																																0	0	0	63.08826691	59.82505181	0	0	0	26.76076	0	0
Togo	TGO	768	TGO768	495.5239405	404.8696395	285.4064571	683.7921772	673.8945108	619.5331346	691.8195011	567.3699872	1449.171265	842.6567657	346.0725675	62.80747161	0	0	0	288.7576678	1051.9315	1042.862621	1710.739632	1453.616588	1992.619506	1291.690483	1234.941027	1279.882458	1426.97947	1802.011785	2418.956683	2225.680763	2310.284822	2044.617632	1505.254319	1756.808979	2201.820698	0	1152.793698	208.4292755	987.2340432	618.0022069	2883.239548	1454.031851	1965.494034	3490.964922
Tokelau	TKL	772	TKL772																																										
Tonga	TON	776	TON776						0	83.08060718	15.59547782	0	0	0	0	0	4.887317599	9.774635198	23.05314501	29.31641258	30.03092487	26.26836202	22.09368346	21.40593192	18.88239226	34.119969	22.6690398	25.95526112	27.01264565	29.25187798	31.4911103	33.73034263	35.96957495	38.20880728	40.4480396	42.68727193	44.92650425	47.16573657	49.4049689	51.64420122	53.88343355	56.12266587	561.0928549	262.6497009	217.6475652
Trinidad and Tobago	TTO	780	TTO780	968.5643926	1083.512351	1213.458394	874.4979168	1411.306994	1657.075325	1640.208301	1849.551974	1813.95054	2275.767959	2584.917347	2922.096144	3181.984537	2743.609695	1872.800483	1209.031266	904.9953817	875.7993925	997.8406314	561.2829981	555.7734581	590.8762745	586.2655162	537.8553229	567.8143617	758.1078604	868.0332455	1038.995675	1446.139954	1098.710598	1397.55245	1155.594985	1192.526202	1819.801108	1396.456083	2610.560936	3589.66609	3636.854239	3700.256517	2968.185687	3087.572126	3575.189252
Tunisia	TUN	788	TUN788	1393.688916	1544.282043	1759.142922	1810.326793	2635.91484	3063.095442	3404.078875	4146.205283	4174.676239	5202.353939	5626.574503	5775.765061	6188.288862	8128.604682	7629.638655	8176.376595	7462.615428	9328.925463	6265.649773	4238.580049	5417.221173	8286.328532	7868.776312	9434.830996	9704.536904	8620.732509	9429.409466	8517.760806	10033.33599	11679.1269	14780.58294	15857.71057	16001.64338	14533.75008	15098.24774	14904.02412	15636.77854	14787.68307	15904.20834	17444.12959	23924.33604	24287.51358
Turkey	TUR	792	TUR792	22896.26486	22795.58532	25078.82598	28788.49233	34164.87484	35524.42307	40306.49986	43900.81457	51621.26475	46786.7034	41247.78427	42076.50249	41453.7273	43344.75786	52212.71199	59902.73875	72607.05414	93108.70487	86340.14176	76702.20754	85605.92591	92390.43879	95626.54914	122270.4953	98692.06714	113216.5204	125472.9546	132755.6114	155444.1259	125842.4075	124949.3818	98512.07304	104745.1021	118069.0357	127257.0394	151476.5432	193502.0877	195607.3571	181780.8532	161876.3017	208094.8025	227440.8204
Turkmenistan	TKM	795	TKM795																					0	0	2943.6836	2943.6836	1873.2532	1169.445212	1206.910276	1204.2342	1204.2342	1204.2342	1204.2342	1204.2342	1204.2342	1204.2342	1471.8418	1739.4494	2140.8608	3943.863087	3038.673574	2943.6836	3103.529439	4014.114
Turks and Caicos Islands	TCA	796	TCA796																														0	0	0	0	0	0	8.127847605	8.516322854	7.475487178	17.8473369	9.290945165	23.12621794	36.96149072
Tuvalu	TUV	798	TUV798											0	1.570856612	0			0												2.800965791	1.543705145	0			0.030405576		0.054351104	0.029169228	2.68E-06		0.251714385			
Uganda	UGA	800	UGA800	506.0192108	549.7998142	445.1920034	384.3915566	411.1523166	262.7371417	236.1208898	218.9565383	214.08608	133.8038	26.76076	53.52152	46.21583252	53.52152	53.52152	53.52152	53.52152	29.19598916	24.27200932	37.465064	37.465064	147.646766	133.8038	133.8038	256.8577519	899.0330512	1483.91622	999.6750761	1514.926136	1571.623098	1628.281016	1892.263564	1984.361474	2308.609917	2424.451065	3104.301861	3262.394051	4786.801381	3870.681096	4630.053587	5298.111873	5694.628362
Ukraine	UKR	804	UKR804																					83631.36816	75492.97362	103436.7395	68199.87264	53628.47934	40883.18414	30882.87562	26626.04043	25189.676	29402.69738	24589.27767	29527.16494	28881.49982	42062.22833	48610.20609	52063.74049	55302.95303	65403.19845	57817.76547	43477.70625	45761.54677	47902.1682
United Arab Emirates	ARE	784	ARE784	0	0	0	0	0	0	535.2152	535.2152	3323.204698	5032.972305	5882.573189	8237.188993	7079.199468	6622.689981	11766.48502	11679.75572	7603.237941	9204.898506	8799.716156	9838.410612	9459.025636	9968.097891	10847.39448	11392.15132	13695.78699	15779.98443	15626.98233	13247.48499	17734.79868	17370.38657	14547.13776	14317.0066	19650.86971	27833.68333	34381.68212	38406.33243	35326.96937	57153.10824	73103.58738	58694.00741	47016.97844	44134.01413
United Kingdom	GBR	826	GBR826	112303.0847	119999.6679	120058.1744	133265.0847	120876.675	113359.0965	103563.2171	98201.80534	100967.9571	106201.944	99249.93483	88754.08721	98710.47785	102216.5847	101472.6057	102549.8668	105311.0783	112860.3145	128951.7127	138794.4672	127351.8473	117084.6857	114576.7768	114500.6181	122024.8999	115170.9937	104153.1832	103100.8368	99918.54346	89953.62303	81225.41407	91150.06547	94696.7236	95065.07523	102452.1819	94777.42313	93151.11826	87985.16503	86994.69926	63684.96073	71324.07856	74845.33479
United States of America	USA	840	USA840	1090534.882	1165604.389	1172875.919	1242326.132	1225089.547	1033674.726	1005191.203	1086275.457	1222517.33	1197160.707	1017569.463	890503.0888	845526.9186	960080.1028	1047927.542	1123533.464	1136771.843	1203032.73	1211627.191	1158525.79	1207688.633	1140191.339	1117753.997	1203899.956	1238111.611	1271477.389	1242016.643	1316706.196	1357070.715	1409024.905	1443359.031	1347855.823	1368076.945	1336641.541	1455710.253	1652203.049	1468993.502	1296964.131	1111299.878	913083.7654	960539.3082	926349.8086
Uruguay	URY	858	URY858	1335.602771	1226.124502	1248.014803	1386.689062	1466.971342	1240.754288	1184.375602	1333.564928	1447.417254	1550.453917	1976.964161	2038.045238	1762.701824	1074.574373	897.4680975	841.7398011	905.8400797	1056.805197	1114.933844	1400.704774	1236.974944	1282.007236	1331.686331	1493.453152	1954.101514	1864.047952	2275.166153	1923.856427	1671.601499	1635.856215	1465.931092	1732.618794	1875.144431	1822.320733	1808.43675	1918.222701	1466.610162	1270.47979	1199.467911	1355.862515	1200.039593	1528.613636
US Virgin Islands	VIR	850	VIR850	0	0	0	0				0	0																																	
USSR	SUN	810	SUN810	255426.5837	269057.5515	279698.5931	293645.8195	308395.8687	327320.5965	333190.9171	340708.2554	340457.6944	329899.3436	335343.954	341876.8694	332565.0218	344558.0713	350008.3955	355567.2007	363092.5156	369437.2211	374621.986	376659.6138	408280.0789	339861.652	0																			
Uzbekistan	UZB	860	UZB860																					0	0	15788.8484	14183.2028	12845.1648	13865.9188	13836.67422	13189.68888	13423.24462	16595.78876	14030.02526	15361.2931	15564.84703	15487.75707	17632.16005	16865.24978	18243.02751	20391.05768	21184.59305	21089.32126	20546.89514	20219.57229
Vanuatu	VUT	548	VUT548	2.331665019	3.339196928	3.480322472	43.17005662	37.4554221	13.92492668	13.92492668	13.92492668	13.92492668	13.92492668	13.89485293	11.58294539	16.24508457	21.87273592	11.76375446	13.70318494	15.64261542	17.58204589	19.52147637	21.46090685	23.40033733	25.33976781	27.27919828	29.21862876	27.20988813	25.20114749	23.19240686	21.18366623	19.17492559	17.16618496	15.15744432	23.43864714	31.71984996	40.00105277	48.28225559	56.56345841	64.84466122	83.81658695	74.89252378	65.96846061	46.48734184	30.24848985
Venezuela	VEN	862	VEN862	6561.211419	6675.863742	7498.061172	8804.725788	9017.724934	9331.872622	11072.91296	12223.85489	14265.45851	16856.65108	15127.839	16198.82786	16182.05266	11315.05412	9313.106074	9847.28198	11590.06471	13456.17025	14148.15742	8270.142345	7355.196039	12251.59207	54834.72094	41981.39315	40642.96423	51252.72112	47233.55977	51248.6189	52777.09995	60256.33829	59891.1086	58273.76136	49422.70684	30294.89226	37265.02374	48605.09449	18500.35846	62622.04038	41489.33453	40521.95477	38015.15936	40780.80075
Viet Nam	VNM	704	VNM704	3968.184829	4535.91371	3344.497186	3489.983535	3287.276662	3259.718962	3341.639532	3593.838818	3563.872651	3232.205675	2968.671594	2683.220451	3334.422668	3654.754849	4082.13007	4589.78757	5219.072725	19396.63489	6257.455502	6352.809974	7663.290274	8973.770575	14298.36488	12129.94638	13440.42668	16431.48271	18432.39062	22239.64982	26812.78358	28794.44215	36610.66463	44902.65728	60910.23657	70225.82186	73970.79618	97277.6279	106319.3221	122692.2328	129657.5073	149858.5705	200099.0401	192809.6359
Wallis and Futuna Islands	WLF	876	WLF876																															21.70363735	17.3594374	16.39906598	11.75871809	12.74275405	8.515710032	11.62260483					
Yemen	YEM	887	YEM887	0	0	0	31.63121832	97.30212336	315.7502072	338.641658	361.5331088	391.730247	487.5982903	486.1642102	511.4908902	950.3783551	1946.398083	4088.260032	4137.912242	3518.545453	2468.571275	2181.278756	2348.91414	2573.802866	3979.257516	4185.134108	4695.073801	4864.494893	5804.625873	6062.14168	6159.031921	6128.591417	7211.59805	7965.657998	9215.715692	8968.391842	11053.2207	12049.26339	12912.20961	12601.36575	14056.95251	13564.00597	11891.75006	14831.98915	11512.91627
Yugoslavia SFR	YUG	891	YUG891	16113.91751	16993.0735	17751.38227	19184.49555	19879.36591	19617.38608	20204.02869	22240.06344	24170.56043	26355.86024	26013.629	25942.98059	25072.41029	23825.1978	22761.73714	21191.23377	22327.89628	21708.00094	21732.50688	21221.08726	19812.3477	20070.57																				
Zambia	ZMB	894	ZMB894	467.0674154	1265.302399	1350.227023	1113.144922	1011.385459	1211.810005	1196.998491	1173.417294	475.2333422	591.4593368	432.4531031	468.4048659	506.7942721	520.8313866	1003.397157	943.0794372	1000.950677	1122.030831	1211.667093	1173.520725	1287.577387	1111.880714	1069.98784	1089.644714	874.0840823	931.4832028	999.5866272	1067.690052	1105.184257	784.9351599	1054.905997	701.9763201	635.4517789	1153.740881	1383.549767	1443.427537	1735.793464	1839.453067	1746.188393	2162.612164	2247.512977	2362.015784
Zimbabwe	ZWE	716	ZWE716	1274.775563	1498.60256	1678.622193	1805.147066	2021.641614	1802.711837	1447.516269	1318.582927	1094.755931	1063.124713	1257.75572	1333.167542	1544.818393	1554.559309	1495.083905	1932.624176	2116.967901	2297.419943	2210.746079	2071.754928	2033.491279	2698.284755	2633.397276	2488.691806	2564.613463	2151.885088	3740.045796	7484.790096	5292.47619	2832.554684	2692.864909	1514.659016	1284.51648	808.0015931	759.2083274	1215.320661	696.2767153	0	428.3336478	1277.206034	1779.199712	2421.908299
Sudan (Former)	SDN	736	SDN736																																										
Ethiopia (Former)	ETH	230	ETH230																																										
North Yemen	YEM	886	YEM886																																										
West Germany	DEU	280	DEU280																																										
South Yemen	YMD	720	YMD720																																										
Zanzibar	EAZ	XXX	EAZXXX																																										
East Germany	DDR	278	DDR278																																										
Western Sahara	ESH	732	ESH732																																										
Belgium-Luxemburg	nan	nan	BLGLUX																																										
